fare_id,origin_id,destination_id
F_1,S_1,S_2
F_2,S_1,S_3
F_3,S_1,S_4
F_4,S_1,S_5
F_5,S_1,S_6
F_6,S_1,S_7
F_7,S_1,S_8
F_8,S_1,S_9
F_9,S_1,S_10
F_10,S_1,S_11
F_11,S_1,S_12
F_12,S_1,S_13
F_13,S_1,S_14
F_14,S_1,S_15
F_15,S_1,M_1
F_16,S_1,M_2
F_17,S_1,M_3
F_18,S_1,M_4
F_19,S_1,M_5
F_20,S_1,M_6
F_21,S_1,M_7
F_22,S_1,M_8
F_23,S_1,M_9
F_24,S_1,M_10
F_25,S_1,M_11
F_26,S_1,M_12
F_27,S_1,M_13
F_28,S_1,M_14
F_29,S_1,P_1
F_30,S_1,P_2
F_31,S_1,P_3
F_32,S_1,P_4
F_33,S_1,P_5
F_34,S_1,P_6
F_35,S_1,P_7
F_36,S_1,P_8
F_37,S_1,P_9
F_38,S_1,P_10
F_39,S_1,P_11
F_40,S_1,P_12
F_41,S_1,P_13
F_42,S_1,P_14
F_43,S_1,K_1
F_44,S_1,K_2
F_45,S_1,K_3
F_46,S_1,K_4
F_47,S_1,K_5
F_48,S_1,K_6
F_49,S_1,K_7
F_50,S_1,K_8
F_51,S_1,K_9
F_52,S_1,K_10
F_53,S_1,K_11
F_54,S_1,K_12
F_55,S_1,K_13
F_56,S_1,K_14
F_57,S_1,K_15
F_58,S_1,K_16
F_59,S_1,K_17
F_60,S_1,K_18
F_61,S_1,K_19
F_62,S_2,S_1
F_63,S_2,S_3
F_64,S_2,S_4
F_65,S_2,S_5
F_66,S_2,S_6
F_67,S_2,S_7
F_68,S_2,S_8
F_69,S_2,S_9
F_70,S_2,S_10
F_71,S_2,S_11
F_72,S_2,S_12
F_73,S_2,S_13
F_74,S_2,S_14
F_75,S_2,S_15
F_76,S_2,M_1
F_77,S_2,M_2
F_78,S_2,M_3
F_79,S_2,M_4
F_80,S_2,M_5
F_81,S_2,M_6
F_82,S_2,M_7
F_83,S_2,M_8
F_84,S_2,M_9
F_85,S_2,M_10
F_86,S_2,M_11
F_87,S_2,M_12
F_88,S_2,M_13
F_89,S_2,M_14
F_90,S_2,P_1
F_91,S_2,P_2
F_92,S_2,P_3
F_93,S_2,P_4
F_94,S_2,P_5
F_95,S_2,P_6
F_96,S_2,P_7
F_97,S_2,P_8
F_98,S_2,P_9
F_99,S_2,P_10
F_100,S_2,P_11
F_101,S_2,P_12
F_102,S_2,P_13
F_103,S_2,P_14
F_104,S_2,K_1
F_105,S_2,K_2
F_106,S_2,K_3
F_107,S_2,K_4
F_108,S_2,K_5
F_109,S_2,K_6
F_110,S_2,K_7
F_111,S_2,K_8
F_112,S_2,K_9
F_113,S_2,K_10
F_114,S_2,K_11
F_115,S_2,K_12
F_116,S_2,K_13
F_117,S_2,K_14
F_118,S_2,K_15
F_119,S_2,K_16
F_120,S_2,K_17
F_121,S_2,K_18
F_122,S_2,K_19
F_123,S_3,S_1
F_124,S_3,S_2
F_125,S_3,S_4
F_126,S_3,S_5
F_127,S_3,S_6
F_128,S_3,S_7
F_129,S_3,S_8
F_130,S_3,S_9
F_131,S_3,S_10
F_132,S_3,S_11
F_133,S_3,S_12
F_134,S_3,S_13
F_135,S_3,S_14
F_136,S_3,S_15
F_137,S_3,M_1
F_138,S_3,M_2
F_139,S_3,M_3
F_140,S_3,M_4
F_141,S_3,M_5
F_142,S_3,M_6
F_143,S_3,M_7
F_144,S_3,M_8
F_145,S_3,M_9
F_146,S_3,M_10
F_147,S_3,M_11
F_148,S_3,M_12
F_149,S_3,M_13
F_150,S_3,M_14
F_151,S_3,P_1
F_152,S_3,P_2
F_153,S_3,P_3
F_154,S_3,P_4
F_155,S_3,P_5
F_156,S_3,P_6
F_157,S_3,P_7
F_158,S_3,P_8
F_159,S_3,P_9
F_160,S_3,P_10
F_161,S_3,P_11
F_162,S_3,P_12
F_163,S_3,P_13
F_164,S_3,P_14
F_165,S_3,K_1
F_166,S_3,K_2
F_167,S_3,K_3
F_168,S_3,K_4
F_169,S_3,K_5
F_170,S_3,K_6
F_171,S_3,K_7
F_172,S_3,K_8
F_173,S_3,K_9
F_174,S_3,K_10
F_175,S_3,K_11
F_176,S_3,K_12
F_177,S_3,K_13
F_178,S_3,K_14
F_179,S_3,K_15
F_180,S_3,K_16
F_181,S_3,K_17
F_182,S_3,K_18
F_183,S_3,K_19
F_184,S_4,S_1
F_185,S_4,S_2
F_186,S_4,S_3
F_187,S_4,S_5
F_188,S_4,S_6
F_189,S_4,S_7
F_190,S_4,S_8
F_191,S_4,S_9
F_192,S_4,S_10
F_193,S_4,S_11
F_194,S_4,S_12
F_195,S_4,S_13
F_196,S_4,S_14
F_197,S_4,S_15
F_198,S_4,M_1
F_199,S_4,M_2
F_200,S_4,M_3
F_201,S_4,M_4
F_202,S_4,M_5
F_203,S_4,M_6
F_204,S_4,M_7
F_205,S_4,M_8
F_206,S_4,M_9
F_207,S_4,M_10
F_208,S_4,M_11
F_209,S_4,M_12
F_210,S_4,M_13
F_211,S_4,M_14
F_212,S_4,P_1
F_213,S_4,P_2
F_214,S_4,P_3
F_215,S_4,P_4
F_216,S_4,P_5
F_217,S_4,P_6
F_218,S_4,P_7
F_219,S_4,P_8
F_220,S_4,P_9
F_221,S_4,P_10
F_222,S_4,P_11
F_223,S_4,P_12
F_224,S_4,P_13
F_225,S_4,P_14
F_226,S_4,K_1
F_227,S_4,K_2
F_228,S_4,K_3
F_229,S_4,K_4
F_230,S_4,K_5
F_231,S_4,K_6
F_232,S_4,K_7
F_233,S_4,K_8
F_234,S_4,K_9
F_235,S_4,K_10
F_236,S_4,K_11
F_237,S_4,K_12
F_238,S_4,K_13
F_239,S_4,K_14
F_240,S_4,K_15
F_241,S_4,K_16
F_242,S_4,K_17
F_243,S_4,K_18
F_244,S_4,K_19
F_245,S_5,S_1
F_246,S_5,S_2
F_247,S_5,S_3
F_248,S_5,S_4
F_249,S_5,S_6
F_250,S_5,S_7
F_251,S_5,S_8
F_252,S_5,S_9
F_253,S_5,S_10
F_254,S_5,S_11
F_255,S_5,S_12
F_256,S_5,S_13
F_257,S_5,S_14
F_258,S_5,S_15
F_259,S_5,M_1
F_260,S_5,M_2
F_261,S_5,M_3
F_262,S_5,M_4
F_263,S_5,M_5
F_264,S_5,M_6
F_265,S_5,M_7
F_266,S_5,M_8
F_267,S_5,M_9
F_268,S_5,M_10
F_269,S_5,M_11
F_270,S_5,M_12
F_271,S_5,M_13
F_272,S_5,M_14
F_273,S_5,P_1
F_274,S_5,P_2
F_275,S_5,P_3
F_276,S_5,P_4
F_277,S_5,P_5
F_278,S_5,P_6
F_279,S_5,P_7
F_280,S_5,P_8
F_281,S_5,P_9
F_282,S_5,P_10
F_283,S_5,P_11
F_284,S_5,P_12
F_285,S_5,P_13
F_286,S_5,P_14
F_287,S_5,K_1
F_288,S_5,K_2
F_289,S_5,K_3
F_290,S_5,K_4
F_291,S_5,K_5
F_292,S_5,K_6
F_293,S_5,K_7
F_294,S_5,K_8
F_295,S_5,K_9
F_296,S_5,K_10
F_297,S_5,K_11
F_298,S_5,K_12
F_299,S_5,K_13
F_300,S_5,K_14
F_301,S_5,K_15
F_302,S_5,K_16
F_303,S_5,K_17
F_304,S_5,K_18
F_305,S_5,K_19
F_306,S_6,S_1
F_307,S_6,S_2
F_308,S_6,S_3
F_309,S_6,S_4
F_310,S_6,S_5
F_311,S_6,S_7
F_312,S_6,S_8
F_313,S_6,S_9
F_314,S_6,S_10
F_315,S_6,S_11
F_316,S_6,S_12
F_317,S_6,S_13
F_318,S_6,S_14
F_319,S_6,S_15
F_320,S_6,M_1
F_321,S_6,M_2
F_322,S_6,M_3
F_323,S_6,M_4
F_324,S_6,M_5
F_325,S_6,M_6
F_326,S_6,M_7
F_327,S_6,M_8
F_328,S_6,M_9
F_329,S_6,M_10
F_330,S_6,M_11
F_331,S_6,M_12
F_332,S_6,M_13
F_333,S_6,M_14
F_334,S_6,P_1
F_335,S_6,P_2
F_336,S_6,P_3
F_337,S_6,P_4
F_338,S_6,P_5
F_339,S_6,P_6
F_340,S_6,P_7
F_341,S_6,P_8
F_342,S_6,P_9
F_343,S_6,P_10
F_344,S_6,P_11
F_345,S_6,P_12
F_346,S_6,P_13
F_347,S_6,P_14
F_348,S_6,K_1
F_349,S_6,K_2
F_350,S_6,K_3
F_351,S_6,K_4
F_352,S_6,K_5
F_353,S_6,K_6
F_354,S_6,K_7
F_355,S_6,K_8
F_356,S_6,K_9
F_357,S_6,K_10
F_358,S_6,K_11
F_359,S_6,K_12
F_360,S_6,K_13
F_361,S_6,K_14
F_362,S_6,K_15
F_363,S_6,K_16
F_364,S_6,K_17
F_365,S_6,K_18
F_366,S_6,K_19
F_367,S_7,S_1
F_368,S_7,S_2
F_369,S_7,S_3
F_370,S_7,S_4
F_371,S_7,S_5
F_372,S_7,S_6
F_373,S_7,S_8
F_374,S_7,S_9
F_375,S_7,S_10
F_376,S_7,S_11
F_377,S_7,S_12
F_378,S_7,S_13
F_379,S_7,S_14
F_380,S_7,S_15
F_381,S_7,M_1
F_382,S_7,M_2
F_383,S_7,M_3
F_384,S_7,M_4
F_385,S_7,M_5
F_386,S_7,M_6
F_387,S_7,M_7
F_388,S_7,M_8
F_389,S_7,M_9
F_390,S_7,M_10
F_391,S_7,M_11
F_392,S_7,M_12
F_393,S_7,M_13
F_394,S_7,M_14
F_395,S_7,P_1
F_396,S_7,P_2
F_397,S_7,P_3
F_398,S_7,P_4
F_399,S_7,P_5
F_400,S_7,P_6
F_401,S_7,P_7
F_402,S_7,P_8
F_403,S_7,P_9
F_404,S_7,P_10
F_405,S_7,P_11
F_406,S_7,P_12
F_407,S_7,P_13
F_408,S_7,P_14
F_409,S_7,K_1
F_410,S_7,K_2
F_411,S_7,K_3
F_412,S_7,K_4
F_413,S_7,K_5
F_414,S_7,K_6
F_415,S_7,K_7
F_416,S_7,K_8
F_417,S_7,K_9
F_418,S_7,K_10
F_419,S_7,K_11
F_420,S_7,K_12
F_421,S_7,K_13
F_422,S_7,K_14
F_423,S_7,K_15
F_424,S_7,K_16
F_425,S_7,K_17
F_426,S_7,K_18
F_427,S_7,K_19
F_428,S_8,S_1
F_429,S_8,S_2
F_430,S_8,S_3
F_431,S_8,S_4
F_432,S_8,S_5
F_433,S_8,S_6
F_434,S_8,S_7
F_435,S_8,S_9
F_436,S_8,S_10
F_437,S_8,S_11
F_438,S_8,S_12
F_439,S_8,S_13
F_440,S_8,S_14
F_441,S_8,S_15
F_442,S_8,M_1
F_443,S_8,M_2
F_444,S_8,M_3
F_445,S_8,M_4
F_446,S_8,M_5
F_447,S_8,M_6
F_448,S_8,M_7
F_449,S_8,M_8
F_450,S_8,M_9
F_451,S_8,M_10
F_452,S_8,M_11
F_453,S_8,M_12
F_454,S_8,M_13
F_455,S_8,M_14
F_456,S_8,P_1
F_457,S_8,P_2
F_458,S_8,P_3
F_459,S_8,P_4
F_460,S_8,P_5
F_461,S_8,P_6
F_462,S_8,P_7
F_463,S_8,P_8
F_464,S_8,P_9
F_465,S_8,P_10
F_466,S_8,P_11
F_467,S_8,P_12
F_468,S_8,P_13
F_469,S_8,P_14
F_470,S_8,K_1
F_471,S_8,K_2
F_472,S_8,K_3
F_473,S_8,K_4
F_474,S_8,K_5
F_475,S_8,K_6
F_476,S_8,K_7
F_477,S_8,K_8
F_478,S_8,K_9
F_479,S_8,K_10
F_480,S_8,K_11
F_481,S_8,K_12
F_482,S_8,K_13
F_483,S_8,K_14
F_484,S_8,K_15
F_485,S_8,K_16
F_486,S_8,K_17
F_487,S_8,K_18
F_488,S_8,K_19
F_489,S_9,S_1
F_490,S_9,S_2
F_491,S_9,S_3
F_492,S_9,S_4
F_493,S_9,S_5
F_494,S_9,S_6
F_495,S_9,S_7
F_496,S_9,S_8
F_497,S_9,S_10
F_498,S_9,S_11
F_499,S_9,S_12
F_500,S_9,S_13
F_501,S_9,S_14
F_502,S_9,S_15
F_503,S_9,M_1
F_504,S_9,M_2
F_505,S_9,M_3
F_506,S_9,M_4
F_507,S_9,M_5
F_508,S_9,M_6
F_509,S_9,M_7
F_510,S_9,M_8
F_511,S_9,M_9
F_512,S_9,M_10
F_513,S_9,M_11
F_514,S_9,M_12
F_515,S_9,M_13
F_516,S_9,M_14
F_517,S_9,P_1
F_518,S_9,P_2
F_519,S_9,P_3
F_520,S_9,P_4
F_521,S_9,P_5
F_522,S_9,P_6
F_523,S_9,P_7
F_524,S_9,P_8
F_525,S_9,P_9
F_526,S_9,P_10
F_527,S_9,P_11
F_528,S_9,P_12
F_529,S_9,P_13
F_530,S_9,P_14
F_531,S_9,K_1
F_532,S_9,K_2
F_533,S_9,K_3
F_534,S_9,K_4
F_535,S_9,K_5
F_536,S_9,K_6
F_537,S_9,K_7
F_538,S_9,K_8
F_539,S_9,K_9
F_540,S_9,K_10
F_541,S_9,K_11
F_542,S_9,K_12
F_543,S_9,K_13
F_544,S_9,K_14
F_545,S_9,K_15
F_546,S_9,K_16
F_547,S_9,K_17
F_548,S_9,K_18
F_549,S_9,K_19
F_550,S_10,S_1
F_551,S_10,S_2
F_552,S_10,S_3
F_553,S_10,S_4
F_554,S_10,S_5
F_555,S_10,S_6
F_556,S_10,S_7
F_557,S_10,S_8
F_558,S_10,S_9
F_559,S_10,S_11
F_560,S_10,S_12
F_561,S_10,S_13
F_562,S_10,S_14
F_563,S_10,S_15
F_564,S_10,M_1
F_565,S_10,M_2
F_566,S_10,M_3
F_567,S_10,M_4
F_568,S_10,M_5
F_569,S_10,M_6
F_570,S_10,M_7
F_571,S_10,M_8
F_572,S_10,M_9
F_573,S_10,M_10
F_574,S_10,M_11
F_575,S_10,M_12
F_576,S_10,M_13
F_577,S_10,M_14
F_578,S_10,P_1
F_579,S_10,P_2
F_580,S_10,P_3
F_581,S_10,P_4
F_582,S_10,P_5
F_583,S_10,P_6
F_584,S_10,P_7
F_585,S_10,P_8
F_586,S_10,P_9
F_587,S_10,P_10
F_588,S_10,P_11
F_589,S_10,P_12
F_590,S_10,P_13
F_591,S_10,P_14
F_592,S_10,K_1
F_593,S_10,K_2
F_594,S_10,K_3
F_595,S_10,K_4
F_596,S_10,K_5
F_597,S_10,K_6
F_598,S_10,K_7
F_599,S_10,K_8
F_600,S_10,K_9
F_601,S_10,K_10
F_602,S_10,K_11
F_603,S_10,K_12
F_604,S_10,K_13
F_605,S_10,K_14
F_606,S_10,K_15
F_607,S_10,K_16
F_608,S_10,K_17
F_609,S_10,K_18
F_610,S_10,K_19
F_611,S_11,S_1
F_612,S_11,S_2
F_613,S_11,S_3
F_614,S_11,S_4
F_615,S_11,S_5
F_616,S_11,S_6
F_617,S_11,S_7
F_618,S_11,S_8
F_619,S_11,S_9
F_620,S_11,S_10
F_621,S_11,S_12
F_622,S_11,S_13
F_623,S_11,S_14
F_624,S_11,S_15
F_625,S_11,M_1
F_626,S_11,M_2
F_627,S_11,M_3
F_628,S_11,M_4
F_629,S_11,M_5
F_630,S_11,M_6
F_631,S_11,M_7
F_632,S_11,M_8
F_633,S_11,M_9
F_634,S_11,M_10
F_635,S_11,M_11
F_636,S_11,M_12
F_637,S_11,M_13
F_638,S_11,M_14
F_639,S_11,P_1
F_640,S_11,P_2
F_641,S_11,P_3
F_642,S_11,P_4
F_643,S_11,P_5
F_644,S_11,P_6
F_645,S_11,P_7
F_646,S_11,P_8
F_647,S_11,P_9
F_648,S_11,P_10
F_649,S_11,P_11
F_650,S_11,P_12
F_651,S_11,P_13
F_652,S_11,P_14
F_653,S_11,K_1
F_654,S_11,K_2
F_655,S_11,K_3
F_656,S_11,K_4
F_657,S_11,K_5
F_658,S_11,K_6
F_659,S_11,K_7
F_660,S_11,K_8
F_661,S_11,K_9
F_662,S_11,K_10
F_663,S_11,K_11
F_664,S_11,K_12
F_665,S_11,K_13
F_666,S_11,K_14
F_667,S_11,K_15
F_668,S_11,K_16
F_669,S_11,K_17
F_670,S_11,K_18
F_671,S_11,K_19
F_672,S_12,S_1
F_673,S_12,S_2
F_674,S_12,S_3
F_675,S_12,S_4
F_676,S_12,S_5
F_677,S_12,S_6
F_678,S_12,S_7
F_679,S_12,S_8
F_680,S_12,S_9
F_681,S_12,S_10
F_682,S_12,S_11
F_683,S_12,S_13
F_684,S_12,S_14
F_685,S_12,S_15
F_686,S_12,M_1
F_687,S_12,M_2
F_688,S_12,M_3
F_689,S_12,M_4
F_690,S_12,M_5
F_691,S_12,M_6
F_692,S_12,M_7
F_693,S_12,M_8
F_694,S_12,M_9
F_695,S_12,M_10
F_696,S_12,M_11
F_697,S_12,M_12
F_698,S_12,M_13
F_699,S_12,M_14
F_700,S_12,P_1
F_701,S_12,P_2
F_702,S_12,P_3
F_703,S_12,P_4
F_704,S_12,P_5
F_705,S_12,P_6
F_706,S_12,P_7
F_707,S_12,P_8
F_708,S_12,P_9
F_709,S_12,P_10
F_710,S_12,P_11
F_711,S_12,P_12
F_712,S_12,P_13
F_713,S_12,P_14
F_714,S_12,K_1
F_715,S_12,K_2
F_716,S_12,K_3
F_717,S_12,K_4
F_718,S_12,K_5
F_719,S_12,K_6
F_720,S_12,K_7
F_721,S_12,K_8
F_722,S_12,K_9
F_723,S_12,K_10
F_724,S_12,K_11
F_725,S_12,K_12
F_726,S_12,K_13
F_727,S_12,K_14
F_728,S_12,K_15
F_729,S_12,K_16
F_730,S_12,K_17
F_731,S_12,K_18
F_732,S_12,K_19
F_733,S_13,S_1
F_734,S_13,S_2
F_735,S_13,S_3
F_736,S_13,S_4
F_737,S_13,S_5
F_738,S_13,S_6
F_739,S_13,S_7
F_740,S_13,S_8
F_741,S_13,S_9
F_742,S_13,S_10
F_743,S_13,S_11
F_744,S_13,S_12
F_745,S_13,S_14
F_746,S_13,S_15
F_747,S_13,M_1
F_748,S_13,M_2
F_749,S_13,M_3
F_750,S_13,M_4
F_751,S_13,M_5
F_752,S_13,M_6
F_753,S_13,M_7
F_754,S_13,M_8
F_755,S_13,M_9
F_756,S_13,M_10
F_757,S_13,M_11
F_758,S_13,M_12
F_759,S_13,M_13
F_760,S_13,M_14
F_761,S_13,P_1
F_762,S_13,P_2
F_763,S_13,P_3
F_764,S_13,P_4
F_765,S_13,P_5
F_766,S_13,P_6
F_767,S_13,P_7
F_768,S_13,P_8
F_769,S_13,P_9
F_770,S_13,P_10
F_771,S_13,P_11
F_772,S_13,P_12
F_773,S_13,P_13
F_774,S_13,P_14
F_775,S_13,K_1
F_776,S_13,K_2
F_777,S_13,K_3
F_778,S_13,K_4
F_779,S_13,K_5
F_780,S_13,K_6
F_781,S_13,K_7
F_782,S_13,K_8
F_783,S_13,K_9
F_784,S_13,K_10
F_785,S_13,K_11
F_786,S_13,K_12
F_787,S_13,K_13
F_788,S_13,K_14
F_789,S_13,K_15
F_790,S_13,K_16
F_791,S_13,K_17
F_792,S_13,K_18
F_793,S_13,K_19
F_794,S_14,S_1
F_795,S_14,S_2
F_796,S_14,S_3
F_797,S_14,S_4
F_798,S_14,S_5
F_799,S_14,S_6
F_800,S_14,S_7
F_801,S_14,S_8
F_802,S_14,S_9
F_803,S_14,S_10
F_804,S_14,S_11
F_805,S_14,S_12
F_806,S_14,S_13
F_807,S_14,S_15
F_808,S_14,M_1
F_809,S_14,M_2
F_810,S_14,M_3
F_811,S_14,M_4
F_812,S_14,M_5
F_813,S_14,M_6
F_814,S_14,M_7
F_815,S_14,M_8
F_816,S_14,M_9
F_817,S_14,M_10
F_818,S_14,M_11
F_819,S_14,M_12
F_820,S_14,M_13
F_821,S_14,M_14
F_822,S_14,P_1
F_823,S_14,P_2
F_824,S_14,P_3
F_825,S_14,P_4
F_826,S_14,P_5
F_827,S_14,P_6
F_828,S_14,P_7
F_829,S_14,P_8
F_830,S_14,P_9
F_831,S_14,P_10
F_832,S_14,P_11
F_833,S_14,P_12
F_834,S_14,P_13
F_835,S_14,P_14
F_836,S_14,K_1
F_837,S_14,K_2
F_838,S_14,K_3
F_839,S_14,K_4
F_840,S_14,K_5
F_841,S_14,K_6
F_842,S_14,K_7
F_843,S_14,K_8
F_844,S_14,K_9
F_845,S_14,K_10
F_846,S_14,K_11
F_847,S_14,K_12
F_848,S_14,K_13
F_849,S_14,K_14
F_850,S_14,K_15
F_851,S_14,K_16
F_852,S_14,K_17
F_853,S_14,K_18
F_854,S_14,K_19
F_855,S_15,S_1
F_856,S_15,S_2
F_857,S_15,S_3
F_858,S_15,S_4
F_859,S_15,S_5
F_860,S_15,S_6
F_861,S_15,S_7
F_862,S_15,S_8
F_863,S_15,S_9
F_864,S_15,S_10
F_865,S_15,S_11
F_866,S_15,S_12
F_867,S_15,S_13
F_868,S_15,S_14
F_869,S_15,M_1
F_870,S_15,M_2
F_871,S_15,M_3
F_872,S_15,M_4
F_873,S_15,M_5
F_874,S_15,M_6
F_875,S_15,M_7
F_876,S_15,M_8
F_877,S_15,M_9
F_878,S_15,M_10
F_879,S_15,M_11
F_880,S_15,M_12
F_881,S_15,M_13
F_882,S_15,M_14
F_883,S_15,P_1
F_884,S_15,P_2
F_885,S_15,P_3
F_886,S_15,P_4
F_887,S_15,P_5
F_888,S_15,P_6
F_889,S_15,P_7
F_890,S_15,P_8
F_891,S_15,P_9
F_892,S_15,P_10
F_893,S_15,P_11
F_894,S_15,P_12
F_895,S_15,P_13
F_896,S_15,P_14
F_897,S_15,K_1
F_898,S_15,K_2
F_899,S_15,K_3
F_900,S_15,K_4
F_901,S_15,K_5
F_902,S_15,K_6
F_903,S_15,K_7
F_904,S_15,K_8
F_905,S_15,K_9
F_906,S_15,K_10
F_907,S_15,K_11
F_908,S_15,K_12
F_909,S_15,K_13
F_910,S_15,K_14
F_911,S_15,K_15
F_912,S_15,K_16
F_913,S_15,K_17
F_914,S_15,K_18
F_915,S_15,K_19
F_916,M_1,S_1
F_917,M_1,S_2
F_918,M_1,S_3
F_919,M_1,S_4
F_920,M_1,S_5
F_921,M_1,S_6
F_922,M_1,S_7
F_923,M_1,S_8
F_924,M_1,S_9
F_925,M_1,S_10
F_926,M_1,S_11
F_927,M_1,S_12
F_928,M_1,S_13
F_929,M_1,S_14
F_930,M_1,S_15
F_931,M_1,M_2
F_932,M_1,M_3
F_933,M_1,M_4
F_934,M_1,M_5
F_935,M_1,M_6
F_936,M_1,M_7
F_937,M_1,M_8
F_938,M_1,M_9
F_939,M_1,M_10
F_940,M_1,M_11
F_941,M_1,M_12
F_942,M_1,M_13
F_943,M_1,M_14
F_944,M_1,P_1
F_945,M_1,P_2
F_946,M_1,P_3
F_947,M_1,P_4
F_948,M_1,P_5
F_949,M_1,P_6
F_950,M_1,P_7
F_951,M_1,P_8
F_952,M_1,P_9
F_953,M_1,P_10
F_954,M_1,P_11
F_955,M_1,P_12
F_956,M_1,P_13
F_957,M_1,P_14
F_958,M_1,K_1
F_959,M_1,K_2
F_960,M_1,K_3
F_961,M_1,K_4
F_962,M_1,K_5
F_963,M_1,K_6
F_964,M_1,K_7
F_965,M_1,K_8
F_966,M_1,K_9
F_967,M_1,K_10
F_968,M_1,K_11
F_969,M_1,K_12
F_970,M_1,K_13
F_971,M_1,K_14
F_972,M_1,K_15
F_973,M_1,K_16
F_974,M_1,K_17
F_975,M_1,K_18
F_976,M_1,K_19
F_977,M_2,S_1
F_978,M_2,S_2
F_979,M_2,S_3
F_980,M_2,S_4
F_981,M_2,S_5
F_982,M_2,S_6
F_983,M_2,S_7
F_984,M_2,S_8
F_985,M_2,S_9
F_986,M_2,S_10
F_987,M_2,S_11
F_988,M_2,S_12
F_989,M_2,S_13
F_990,M_2,S_14
F_991,M_2,S_15
F_992,M_2,M_1
F_993,M_2,M_3
F_994,M_2,M_4
F_995,M_2,M_5
F_996,M_2,M_6
F_997,M_2,M_7
F_998,M_2,M_8
F_999,M_2,M_9
F_1000,M_2,M_10
F_1001,M_2,M_11
F_1002,M_2,M_12
F_1003,M_2,M_13
F_1004,M_2,M_14
F_1005,M_2,P_1
F_1006,M_2,P_2
F_1007,M_2,P_3
F_1008,M_2,P_4
F_1009,M_2,P_5
F_1010,M_2,P_6
F_1011,M_2,P_7
F_1012,M_2,P_8
F_1013,M_2,P_9
F_1014,M_2,P_10
F_1015,M_2,P_11
F_1016,M_2,P_12
F_1017,M_2,P_13
F_1018,M_2,P_14
F_1019,M_2,K_1
F_1020,M_2,K_2
F_1021,M_2,K_3
F_1022,M_2,K_4
F_1023,M_2,K_5
F_1024,M_2,K_6
F_1025,M_2,K_7
F_1026,M_2,K_8
F_1027,M_2,K_9
F_1028,M_2,K_10
F_1029,M_2,K_11
F_1030,M_2,K_12
F_1031,M_2,K_13
F_1032,M_2,K_14
F_1033,M_2,K_15
F_1034,M_2,K_16
F_1035,M_2,K_17
F_1036,M_2,K_18
F_1037,M_2,K_19
F_1038,M_3,S_1
F_1039,M_3,S_2
F_1040,M_3,S_3
F_1041,M_3,S_4
F_1042,M_3,S_5
F_1043,M_3,S_6
F_1044,M_3,S_7
F_1045,M_3,S_8
F_1046,M_3,S_9
F_1047,M_3,S_10
F_1048,M_3,S_11
F_1049,M_3,S_12
F_1050,M_3,S_13
F_1051,M_3,S_14
F_1052,M_3,S_15
F_1053,M_3,M_1
F_1054,M_3,M_2
F_1055,M_3,M_4
F_1056,M_3,M_5
F_1057,M_3,M_6
F_1058,M_3,M_7
F_1059,M_3,M_8
F_1060,M_3,M_9
F_1061,M_3,M_10
F_1062,M_3,M_11
F_1063,M_3,M_12
F_1064,M_3,M_13
F_1065,M_3,M_14
F_1066,M_3,P_1
F_1067,M_3,P_2
F_1068,M_3,P_3
F_1069,M_3,P_4
F_1070,M_3,P_5
F_1071,M_3,P_6
F_1072,M_3,P_7
F_1073,M_3,P_8
F_1074,M_3,P_9
F_1075,M_3,P_10
F_1076,M_3,P_11
F_1077,M_3,P_12
F_1078,M_3,P_13
F_1079,M_3,P_14
F_1080,M_3,K_1
F_1081,M_3,K_2
F_1082,M_3,K_3
F_1083,M_3,K_4
F_1084,M_3,K_5
F_1085,M_3,K_6
F_1086,M_3,K_7
F_1087,M_3,K_8
F_1088,M_3,K_9
F_1089,M_3,K_10
F_1090,M_3,K_11
F_1091,M_3,K_12
F_1092,M_3,K_13
F_1093,M_3,K_14
F_1094,M_3,K_15
F_1095,M_3,K_16
F_1096,M_3,K_17
F_1097,M_3,K_18
F_1098,M_3,K_19
F_1099,M_4,S_1
F_1100,M_4,S_2
F_1101,M_4,S_3
F_1102,M_4,S_4
F_1103,M_4,S_5
F_1104,M_4,S_6
F_1105,M_4,S_7
F_1106,M_4,S_8
F_1107,M_4,S_9
F_1108,M_4,S_10
F_1109,M_4,S_11
F_1110,M_4,S_12
F_1111,M_4,S_13
F_1112,M_4,S_14
F_1113,M_4,S_15
F_1114,M_4,M_1
F_1115,M_4,M_2
F_1116,M_4,M_3
F_1117,M_4,M_5
F_1118,M_4,M_6
F_1119,M_4,M_7
F_1120,M_4,M_8
F_1121,M_4,M_9
F_1122,M_4,M_10
F_1123,M_4,M_11
F_1124,M_4,M_12
F_1125,M_4,M_13
F_1126,M_4,M_14
F_1127,M_4,P_1
F_1128,M_4,P_2
F_1129,M_4,P_3
F_1130,M_4,P_4
F_1131,M_4,P_5
F_1132,M_4,P_6
F_1133,M_4,P_7
F_1134,M_4,P_8
F_1135,M_4,P_9
F_1136,M_4,P_10
F_1137,M_4,P_11
F_1138,M_4,P_12
F_1139,M_4,P_13
F_1140,M_4,P_14
F_1141,M_4,K_1
F_1142,M_4,K_2
F_1143,M_4,K_3
F_1144,M_4,K_4
F_1145,M_4,K_5
F_1146,M_4,K_6
F_1147,M_4,K_7
F_1148,M_4,K_8
F_1149,M_4,K_9
F_1150,M_4,K_10
F_1151,M_4,K_11
F_1152,M_4,K_12
F_1153,M_4,K_13
F_1154,M_4,K_14
F_1155,M_4,K_15
F_1156,M_4,K_16
F_1157,M_4,K_17
F_1158,M_4,K_18
F_1159,M_4,K_19
F_1160,M_5,S_1
F_1161,M_5,S_2
F_1162,M_5,S_3
F_1163,M_5,S_4
F_1164,M_5,S_5
F_1165,M_5,S_6
F_1166,M_5,S_7
F_1167,M_5,S_8
F_1168,M_5,S_9
F_1169,M_5,S_10
F_1170,M_5,S_11
F_1171,M_5,S_12
F_1172,M_5,S_13
F_1173,M_5,S_14
F_1174,M_5,S_15
F_1175,M_5,M_1
F_1176,M_5,M_2
F_1177,M_5,M_3
F_1178,M_5,M_4
F_1179,M_5,M_6
F_1180,M_5,M_7
F_1181,M_5,M_8
F_1182,M_5,M_9
F_1183,M_5,M_10
F_1184,M_5,M_11
F_1185,M_5,M_12
F_1186,M_5,M_13
F_1187,M_5,M_14
F_1188,M_5,P_1
F_1189,M_5,P_2
F_1190,M_5,P_3
F_1191,M_5,P_4
F_1192,M_5,P_5
F_1193,M_5,P_6
F_1194,M_5,P_7
F_1195,M_5,P_8
F_1196,M_5,P_9
F_1197,M_5,P_10
F_1198,M_5,P_11
F_1199,M_5,P_12
F_1200,M_5,P_13
F_1201,M_5,P_14
F_1202,M_5,K_1
F_1203,M_5,K_2
F_1204,M_5,K_3
F_1205,M_5,K_4
F_1206,M_5,K_5
F_1207,M_5,K_6
F_1208,M_5,K_7
F_1209,M_5,K_8
F_1210,M_5,K_9
F_1211,M_5,K_10
F_1212,M_5,K_11
F_1213,M_5,K_12
F_1214,M_5,K_13
F_1215,M_5,K_14
F_1216,M_5,K_15
F_1217,M_5,K_16
F_1218,M_5,K_17
F_1219,M_5,K_18
F_1220,M_5,K_19
F_1221,M_6,S_1
F_1222,M_6,S_2
F_1223,M_6,S_3
F_1224,M_6,S_4
F_1225,M_6,S_5
F_1226,M_6,S_6
F_1227,M_6,S_7
F_1228,M_6,S_8
F_1229,M_6,S_9
F_1230,M_6,S_10
F_1231,M_6,S_11
F_1232,M_6,S_12
F_1233,M_6,S_13
F_1234,M_6,S_14
F_1235,M_6,S_15
F_1236,M_6,M_1
F_1237,M_6,M_2
F_1238,M_6,M_3
F_1239,M_6,M_4
F_1240,M_6,M_5
F_1241,M_6,M_7
F_1242,M_6,M_8
F_1243,M_6,M_9
F_1244,M_6,M_10
F_1245,M_6,M_11
F_1246,M_6,M_12
F_1247,M_6,M_13
F_1248,M_6,M_14
F_1249,M_6,P_1
F_1250,M_6,P_2
F_1251,M_6,P_3
F_1252,M_6,P_4
F_1253,M_6,P_5
F_1254,M_6,P_6
F_1255,M_6,P_7
F_1256,M_6,P_8
F_1257,M_6,P_9
F_1258,M_6,P_10
F_1259,M_6,P_11
F_1260,M_6,P_12
F_1261,M_6,P_13
F_1262,M_6,P_14
F_1263,M_6,K_1
F_1264,M_6,K_2
F_1265,M_6,K_3
F_1266,M_6,K_4
F_1267,M_6,K_5
F_1268,M_6,K_6
F_1269,M_6,K_7
F_1270,M_6,K_8
F_1271,M_6,K_9
F_1272,M_6,K_10
F_1273,M_6,K_11
F_1274,M_6,K_12
F_1275,M_6,K_13
F_1276,M_6,K_14
F_1277,M_6,K_15
F_1278,M_6,K_16
F_1279,M_6,K_17
F_1280,M_6,K_18
F_1281,M_6,K_19
F_1282,M_7,S_1
F_1283,M_7,S_2
F_1284,M_7,S_3
F_1285,M_7,S_4
F_1286,M_7,S_5
F_1287,M_7,S_6
F_1288,M_7,S_7
F_1289,M_7,S_8
F_1290,M_7,S_9
F_1291,M_7,S_10
F_1292,M_7,S_11
F_1293,M_7,S_12
F_1294,M_7,S_13
F_1295,M_7,S_14
F_1296,M_7,S_15
F_1297,M_7,M_1
F_1298,M_7,M_2
F_1299,M_7,M_3
F_1300,M_7,M_4
F_1301,M_7,M_5
F_1302,M_7,M_6
F_1303,M_7,M_8
F_1304,M_7,M_9
F_1305,M_7,M_10
F_1306,M_7,M_11
F_1307,M_7,M_12
F_1308,M_7,M_13
F_1309,M_7,M_14
F_1310,M_7,P_1
F_1311,M_7,P_2
F_1312,M_7,P_3
F_1313,M_7,P_4
F_1314,M_7,P_5
F_1315,M_7,P_6
F_1316,M_7,P_7
F_1317,M_7,P_8
F_1318,M_7,P_9
F_1319,M_7,P_10
F_1320,M_7,P_11
F_1321,M_7,P_12
F_1322,M_7,P_13
F_1323,M_7,P_14
F_1324,M_7,K_1
F_1325,M_7,K_2
F_1326,M_7,K_3
F_1327,M_7,K_4
F_1328,M_7,K_5
F_1329,M_7,K_6
F_1330,M_7,K_7
F_1331,M_7,K_8
F_1332,M_7,K_9
F_1333,M_7,K_10
F_1334,M_7,K_11
F_1335,M_7,K_12
F_1336,M_7,K_13
F_1337,M_7,K_14
F_1338,M_7,K_15
F_1339,M_7,K_16
F_1340,M_7,K_17
F_1341,M_7,K_18
F_1342,M_7,K_19
F_1343,M_8,S_1
F_1344,M_8,S_2
F_1345,M_8,S_3
F_1346,M_8,S_4
F_1347,M_8,S_5
F_1348,M_8,S_6
F_1349,M_8,S_7
F_1350,M_8,S_8
F_1351,M_8,S_9
F_1352,M_8,S_10
F_1353,M_8,S_11
F_1354,M_8,S_12
F_1355,M_8,S_13
F_1356,M_8,S_14
F_1357,M_8,S_15
F_1358,M_8,M_1
F_1359,M_8,M_2
F_1360,M_8,M_3
F_1361,M_8,M_4
F_1362,M_8,M_5
F_1363,M_8,M_6
F_1364,M_8,M_7
F_1365,M_8,M_9
F_1366,M_8,M_10
F_1367,M_8,M_11
F_1368,M_8,M_12
F_1369,M_8,M_13
F_1370,M_8,M_14
F_1371,M_8,P_1
F_1372,M_8,P_2
F_1373,M_8,P_3
F_1374,M_8,P_4
F_1375,M_8,P_5
F_1376,M_8,P_6
F_1377,M_8,P_7
F_1378,M_8,P_8
F_1379,M_8,P_9
F_1380,M_8,P_10
F_1381,M_8,P_11
F_1382,M_8,P_12
F_1383,M_8,P_13
F_1384,M_8,P_14
F_1385,M_8,K_1
F_1386,M_8,K_2
F_1387,M_8,K_3
F_1388,M_8,K_4
F_1389,M_8,K_5
F_1390,M_8,K_6
F_1391,M_8,K_7
F_1392,M_8,K_8
F_1393,M_8,K_9
F_1394,M_8,K_10
F_1395,M_8,K_11
F_1396,M_8,K_12
F_1397,M_8,K_13
F_1398,M_8,K_14
F_1399,M_8,K_15
F_1400,M_8,K_16
F_1401,M_8,K_17
F_1402,M_8,K_18
F_1403,M_8,K_19
F_1404,M_9,S_1
F_1405,M_9,S_2
F_1406,M_9,S_3
F_1407,M_9,S_4
F_1408,M_9,S_5
F_1409,M_9,S_6
F_1410,M_9,S_7
F_1411,M_9,S_8
F_1412,M_9,S_9
F_1413,M_9,S_10
F_1414,M_9,S_11
F_1415,M_9,S_12
F_1416,M_9,S_13
F_1417,M_9,S_14
F_1418,M_9,S_15
F_1419,M_9,M_1
F_1420,M_9,M_2
F_1421,M_9,M_3
F_1422,M_9,M_4
F_1423,M_9,M_5
F_1424,M_9,M_6
F_1425,M_9,M_7
F_1426,M_9,M_8
F_1427,M_9,M_10
F_1428,M_9,M_11
F_1429,M_9,M_12
F_1430,M_9,M_13
F_1431,M_9,M_14
F_1432,M_9,P_1
F_1433,M_9,P_2
F_1434,M_9,P_3
F_1435,M_9,P_4
F_1436,M_9,P_5
F_1437,M_9,P_6
F_1438,M_9,P_7
F_1439,M_9,P_8
F_1440,M_9,P_9
F_1441,M_9,P_10
F_1442,M_9,P_11
F_1443,M_9,P_12
F_1444,M_9,P_13
F_1445,M_9,P_14
F_1446,M_9,K_1
F_1447,M_9,K_2
F_1448,M_9,K_3
F_1449,M_9,K_4
F_1450,M_9,K_5
F_1451,M_9,K_6
F_1452,M_9,K_7
F_1453,M_9,K_8
F_1454,M_9,K_9
F_1455,M_9,K_10
F_1456,M_9,K_11
F_1457,M_9,K_12
F_1458,M_9,K_13
F_1459,M_9,K_14
F_1460,M_9,K_15
F_1461,M_9,K_16
F_1462,M_9,K_17
F_1463,M_9,K_18
F_1464,M_9,K_19
F_1465,M_10,S_1
F_1466,M_10,S_2
F_1467,M_10,S_3
F_1468,M_10,S_4
F_1469,M_10,S_5
F_1470,M_10,S_6
F_1471,M_10,S_7
F_1472,M_10,S_8
F_1473,M_10,S_9
F_1474,M_10,S_10
F_1475,M_10,S_11
F_1476,M_10,S_12
F_1477,M_10,S_13
F_1478,M_10,S_14
F_1479,M_10,S_15
F_1480,M_10,M_1
F_1481,M_10,M_2
F_1482,M_10,M_3
F_1483,M_10,M_4
F_1484,M_10,M_5
F_1485,M_10,M_6
F_1486,M_10,M_7
F_1487,M_10,M_8
F_1488,M_10,M_9
F_1489,M_10,M_11
F_1490,M_10,M_12
F_1491,M_10,M_13
F_1492,M_10,M_14
F_1493,M_10,P_1
F_1494,M_10,P_2
F_1495,M_10,P_3
F_1496,M_10,P_4
F_1497,M_10,P_5
F_1498,M_10,P_6
F_1499,M_10,P_7
F_1500,M_10,P_8
F_1501,M_10,P_9
F_1502,M_10,P_10
F_1503,M_10,P_11
F_1504,M_10,P_12
F_1505,M_10,P_13
F_1506,M_10,P_14
F_1507,M_10,K_1
F_1508,M_10,K_2
F_1509,M_10,K_3
F_1510,M_10,K_4
F_1511,M_10,K_5
F_1512,M_10,K_6
F_1513,M_10,K_7
F_1514,M_10,K_8
F_1515,M_10,K_9
F_1516,M_10,K_10
F_1517,M_10,K_11
F_1518,M_10,K_12
F_1519,M_10,K_13
F_1520,M_10,K_14
F_1521,M_10,K_15
F_1522,M_10,K_16
F_1523,M_10,K_17
F_1524,M_10,K_18
F_1525,M_10,K_19
F_1526,M_11,S_1
F_1527,M_11,S_2
F_1528,M_11,S_3
F_1529,M_11,S_4
F_1530,M_11,S_5
F_1531,M_11,S_6
F_1532,M_11,S_7
F_1533,M_11,S_8
F_1534,M_11,S_9
F_1535,M_11,S_10
F_1536,M_11,S_11
F_1537,M_11,S_12
F_1538,M_11,S_13
F_1539,M_11,S_14
F_1540,M_11,S_15
F_1541,M_11,M_1
F_1542,M_11,M_2
F_1543,M_11,M_3
F_1544,M_11,M_4
F_1545,M_11,M_5
F_1546,M_11,M_6
F_1547,M_11,M_7
F_1548,M_11,M_8
F_1549,M_11,M_9
F_1550,M_11,M_10
F_1551,M_11,M_12
F_1552,M_11,M_13
F_1553,M_11,M_14
F_1554,M_11,P_1
F_1555,M_11,P_2
F_1556,M_11,P_3
F_1557,M_11,P_4
F_1558,M_11,P_5
F_1559,M_11,P_6
F_1560,M_11,P_7
F_1561,M_11,P_8
F_1562,M_11,P_9
F_1563,M_11,P_10
F_1564,M_11,P_11
F_1565,M_11,P_12
F_1566,M_11,P_13
F_1567,M_11,P_14
F_1568,M_11,K_1
F_1569,M_11,K_2
F_1570,M_11,K_3
F_1571,M_11,K_4
F_1572,M_11,K_5
F_1573,M_11,K_6
F_1574,M_11,K_7
F_1575,M_11,K_8
F_1576,M_11,K_9
F_1577,M_11,K_10
F_1578,M_11,K_11
F_1579,M_11,K_12
F_1580,M_11,K_13
F_1581,M_11,K_14
F_1582,M_11,K_15
F_1583,M_11,K_16
F_1584,M_11,K_17
F_1585,M_11,K_18
F_1586,M_11,K_19
F_1587,M_12,S_1
F_1588,M_12,S_2
F_1589,M_12,S_3
F_1590,M_12,S_4
F_1591,M_12,S_5
F_1592,M_12,S_6
F_1593,M_12,S_7
F_1594,M_12,S_8
F_1595,M_12,S_9
F_1596,M_12,S_10
F_1597,M_12,S_11
F_1598,M_12,S_12
F_1599,M_12,S_13
F_1600,M_12,S_14
F_1601,M_12,S_15
F_1602,M_12,M_1
F_1603,M_12,M_2
F_1604,M_12,M_3
F_1605,M_12,M_4
F_1606,M_12,M_5
F_1607,M_12,M_6
F_1608,M_12,M_7
F_1609,M_12,M_8
F_1610,M_12,M_9
F_1611,M_12,M_10
F_1612,M_12,M_11
F_1613,M_12,M_13
F_1614,M_12,M_14
F_1615,M_12,P_1
F_1616,M_12,P_2
F_1617,M_12,P_3
F_1618,M_12,P_4
F_1619,M_12,P_5
F_1620,M_12,P_6
F_1621,M_12,P_7
F_1622,M_12,P_8
F_1623,M_12,P_9
F_1624,M_12,P_10
F_1625,M_12,P_11
F_1626,M_12,P_12
F_1627,M_12,P_13
F_1628,M_12,P_14
F_1629,M_12,K_1
F_1630,M_12,K_2
F_1631,M_12,K_3
F_1632,M_12,K_4
F_1633,M_12,K_5
F_1634,M_12,K_6
F_1635,M_12,K_7
F_1636,M_12,K_8
F_1637,M_12,K_9
F_1638,M_12,K_10
F_1639,M_12,K_11
F_1640,M_12,K_12
F_1641,M_12,K_13
F_1642,M_12,K_14
F_1643,M_12,K_15
F_1644,M_12,K_16
F_1645,M_12,K_17
F_1646,M_12,K_18
F_1647,M_12,K_19
F_1648,M_13,S_1
F_1649,M_13,S_2
F_1650,M_13,S_3
F_1651,M_13,S_4
F_1652,M_13,S_5
F_1653,M_13,S_6
F_1654,M_13,S_7
F_1655,M_13,S_8
F_1656,M_13,S_9
F_1657,M_13,S_10
F_1658,M_13,S_11
F_1659,M_13,S_12
F_1660,M_13,S_13
F_1661,M_13,S_14
F_1662,M_13,S_15
F_1663,M_13,M_1
F_1664,M_13,M_2
F_1665,M_13,M_3
F_1666,M_13,M_4
F_1667,M_13,M_5
F_1668,M_13,M_6
F_1669,M_13,M_7
F_1670,M_13,M_8
F_1671,M_13,M_9
F_1672,M_13,M_10
F_1673,M_13,M_11
F_1674,M_13,M_12
F_1675,M_13,M_14
F_1676,M_13,P_1
F_1677,M_13,P_2
F_1678,M_13,P_3
F_1679,M_13,P_4
F_1680,M_13,P_5
F_1681,M_13,P_6
F_1682,M_13,P_7
F_1683,M_13,P_8
F_1684,M_13,P_9
F_1685,M_13,P_10
F_1686,M_13,P_11
F_1687,M_13,P_12
F_1688,M_13,P_13
F_1689,M_13,P_14
F_1690,M_13,K_1
F_1691,M_13,K_2
F_1692,M_13,K_3
F_1693,M_13,K_4
F_1694,M_13,K_5
F_1695,M_13,K_6
F_1696,M_13,K_7
F_1697,M_13,K_8
F_1698,M_13,K_9
F_1699,M_13,K_10
F_1700,M_13,K_11
F_1701,M_13,K_12
F_1702,M_13,K_13
F_1703,M_13,K_14
F_1704,M_13,K_15
F_1705,M_13,K_16
F_1706,M_13,K_17
F_1707,M_13,K_18
F_1708,M_13,K_19
F_1709,M_14,S_1
F_1710,M_14,S_2
F_1711,M_14,S_3
F_1712,M_14,S_4
F_1713,M_14,S_5
F_1714,M_14,S_6
F_1715,M_14,S_7
F_1716,M_14,S_8
F_1717,M_14,S_9
F_1718,M_14,S_10
F_1719,M_14,S_11
F_1720,M_14,S_12
F_1721,M_14,S_13
F_1722,M_14,S_14
F_1723,M_14,S_15
F_1724,M_14,M_1
F_1725,M_14,M_2
F_1726,M_14,M_3
F_1727,M_14,M_4
F_1728,M_14,M_5
F_1729,M_14,M_6
F_1730,M_14,M_7
F_1731,M_14,M_8
F_1732,M_14,M_9
F_1733,M_14,M_10
F_1734,M_14,M_11
F_1735,M_14,M_12
F_1736,M_14,M_13
F_1737,M_14,P_1
F_1738,M_14,P_2
F_1739,M_14,P_3
F_1740,M_14,P_4
F_1741,M_14,P_5
F_1742,M_14,P_6
F_1743,M_14,P_7
F_1744,M_14,P_8
F_1745,M_14,P_9
F_1746,M_14,P_10
F_1747,M_14,P_11
F_1748,M_14,P_12
F_1749,M_14,P_13
F_1750,M_14,P_14
F_1751,M_14,K_1
F_1752,M_14,K_2
F_1753,M_14,K_3
F_1754,M_14,K_4
F_1755,M_14,K_5
F_1756,M_14,K_6
F_1757,M_14,K_7
F_1758,M_14,K_8
F_1759,M_14,K_9
F_1760,M_14,K_10
F_1761,M_14,K_11
F_1762,M_14,K_12
F_1763,M_14,K_13
F_1764,M_14,K_14
F_1765,M_14,K_15
F_1766,M_14,K_16
F_1767,M_14,K_17
F_1768,M_14,K_18
F_1769,M_14,K_19
F_1770,P_1,S_1
F_1771,P_1,S_2
F_1772,P_1,S_3
F_1773,P_1,S_4
F_1774,P_1,S_5
F_1775,P_1,S_6
F_1776,P_1,S_7
F_1777,P_1,S_8
F_1778,P_1,S_9
F_1779,P_1,S_10
F_1780,P_1,S_11
F_1781,P_1,S_12
F_1782,P_1,S_13
F_1783,P_1,S_14
F_1784,P_1,S_15
F_1785,P_1,M_1
F_1786,P_1,M_2
F_1787,P_1,M_3
F_1788,P_1,M_4
F_1789,P_1,M_5
F_1790,P_1,M_6
F_1791,P_1,M_7
F_1792,P_1,M_8
F_1793,P_1,M_9
F_1794,P_1,M_10
F_1795,P_1,M_11
F_1796,P_1,M_12
F_1797,P_1,M_13
F_1798,P_1,M_14
F_1799,P_1,P_2
F_1800,P_1,P_3
F_1801,P_1,P_4
F_1802,P_1,P_5
F_1803,P_1,P_6
F_1804,P_1,P_7
F_1805,P_1,P_8
F_1806,P_1,P_9
F_1807,P_1,P_10
F_1808,P_1,P_11
F_1809,P_1,P_12
F_1810,P_1,P_13
F_1811,P_1,P_14
F_1812,P_1,K_1
F_1813,P_1,K_2
F_1814,P_1,K_3
F_1815,P_1,K_4
F_1816,P_1,K_5
F_1817,P_1,K_6
F_1818,P_1,K_7
F_1819,P_1,K_8
F_1820,P_1,K_9
F_1821,P_1,K_10
F_1822,P_1,K_11
F_1823,P_1,K_12
F_1824,P_1,K_13
F_1825,P_1,K_14
F_1826,P_1,K_15
F_1827,P_1,K_16
F_1828,P_1,K_17
F_1829,P_1,K_18
F_1830,P_1,K_19
F_1831,P_2,S_1
F_1832,P_2,S_2
F_1833,P_2,S_3
F_1834,P_2,S_4
F_1835,P_2,S_5
F_1836,P_2,S_6
F_1837,P_2,S_7
F_1838,P_2,S_8
F_1839,P_2,S_9
F_1840,P_2,S_10
F_1841,P_2,S_11
F_1842,P_2,S_12
F_1843,P_2,S_13
F_1844,P_2,S_14
F_1845,P_2,S_15
F_1846,P_2,M_1
F_1847,P_2,M_2
F_1848,P_2,M_3
F_1849,P_2,M_4
F_1850,P_2,M_5
F_1851,P_2,M_6
F_1852,P_2,M_7
F_1853,P_2,M_8
F_1854,P_2,M_9
F_1855,P_2,M_10
F_1856,P_2,M_11
F_1857,P_2,M_12
F_1858,P_2,M_13
F_1859,P_2,M_14
F_1860,P_2,P_1
F_1861,P_2,P_3
F_1862,P_2,P_4
F_1863,P_2,P_5
F_1864,P_2,P_6
F_1865,P_2,P_7
F_1866,P_2,P_8
F_1867,P_2,P_9
F_1868,P_2,P_10
F_1869,P_2,P_11
F_1870,P_2,P_12
F_1871,P_2,P_13
F_1872,P_2,P_14
F_1873,P_2,K_1
F_1874,P_2,K_2
F_1875,P_2,K_3
F_1876,P_2,K_4
F_1877,P_2,K_5
F_1878,P_2,K_6
F_1879,P_2,K_7
F_1880,P_2,K_8
F_1881,P_2,K_9
F_1882,P_2,K_10
F_1883,P_2,K_11
F_1884,P_2,K_12
F_1885,P_2,K_13
F_1886,P_2,K_14
F_1887,P_2,K_15
F_1888,P_2,K_16
F_1889,P_2,K_17
F_1890,P_2,K_18
F_1891,P_2,K_19
F_1892,P_3,S_1
F_1893,P_3,S_2
F_1894,P_3,S_3
F_1895,P_3,S_4
F_1896,P_3,S_5
F_1897,P_3,S_6
F_1898,P_3,S_7
F_1899,P_3,S_8
F_1900,P_3,S_9
F_1901,P_3,S_10
F_1902,P_3,S_11
F_1903,P_3,S_12
F_1904,P_3,S_13
F_1905,P_3,S_14
F_1906,P_3,S_15
F_1907,P_3,M_1
F_1908,P_3,M_2
F_1909,P_3,M_3
F_1910,P_3,M_4
F_1911,P_3,M_5
F_1912,P_3,M_6
F_1913,P_3,M_7
F_1914,P_3,M_8
F_1915,P_3,M_9
F_1916,P_3,M_10
F_1917,P_3,M_11
F_1918,P_3,M_12
F_1919,P_3,M_13
F_1920,P_3,M_14
F_1921,P_3,P_1
F_1922,P_3,P_2
F_1923,P_3,P_4
F_1924,P_3,P_5
F_1925,P_3,P_6
F_1926,P_3,P_7
F_1927,P_3,P_8
F_1928,P_3,P_9
F_1929,P_3,P_10
F_1930,P_3,P_11
F_1931,P_3,P_12
F_1932,P_3,P_13
F_1933,P_3,P_14
F_1934,P_3,K_1
F_1935,P_3,K_2
F_1936,P_3,K_3
F_1937,P_3,K_4
F_1938,P_3,K_5
F_1939,P_3,K_6
F_1940,P_3,K_7
F_1941,P_3,K_8
F_1942,P_3,K_9
F_1943,P_3,K_10
F_1944,P_3,K_11
F_1945,P_3,K_12
F_1946,P_3,K_13
F_1947,P_3,K_14
F_1948,P_3,K_15
F_1949,P_3,K_16
F_1950,P_3,K_17
F_1951,P_3,K_18
F_1952,P_3,K_19
F_1953,P_4,S_1
F_1954,P_4,S_2
F_1955,P_4,S_3
F_1956,P_4,S_4
F_1957,P_4,S_5
F_1958,P_4,S_6
F_1959,P_4,S_7
F_1960,P_4,S_8
F_1961,P_4,S_9
F_1962,P_4,S_10
F_1963,P_4,S_11
F_1964,P_4,S_12
F_1965,P_4,S_13
F_1966,P_4,S_14
F_1967,P_4,S_15
F_1968,P_4,M_1
F_1969,P_4,M_2
F_1970,P_4,M_3
F_1971,P_4,M_4
F_1972,P_4,M_5
F_1973,P_4,M_6
F_1974,P_4,M_7
F_1975,P_4,M_8
F_1976,P_4,M_9
F_1977,P_4,M_10
F_1978,P_4,M_11
F_1979,P_4,M_12
F_1980,P_4,M_13
F_1981,P_4,M_14
F_1982,P_4,P_1
F_1983,P_4,P_2
F_1984,P_4,P_3
F_1985,P_4,P_5
F_1986,P_4,P_6
F_1987,P_4,P_7
F_1988,P_4,P_8
F_1989,P_4,P_9
F_1990,P_4,P_10
F_1991,P_4,P_11
F_1992,P_4,P_12
F_1993,P_4,P_13
F_1994,P_4,P_14
F_1995,P_4,K_1
F_1996,P_4,K_2
F_1997,P_4,K_3
F_1998,P_4,K_4
F_1999,P_4,K_5
F_2000,P_4,K_6
F_2001,P_4,K_7
F_2002,P_4,K_8
F_2003,P_4,K_9
F_2004,P_4,K_10
F_2005,P_4,K_11
F_2006,P_4,K_12
F_2007,P_4,K_13
F_2008,P_4,K_14
F_2009,P_4,K_15
F_2010,P_4,K_16
F_2011,P_4,K_17
F_2012,P_4,K_18
F_2013,P_4,K_19
F_2014,P_5,S_1
F_2015,P_5,S_2
F_2016,P_5,S_3
F_2017,P_5,S_4
F_2018,P_5,S_5
F_2019,P_5,S_6
F_2020,P_5,S_7
F_2021,P_5,S_8
F_2022,P_5,S_9
F_2023,P_5,S_10
F_2024,P_5,S_11
F_2025,P_5,S_12
F_2026,P_5,S_13
F_2027,P_5,S_14
F_2028,P_5,S_15
F_2029,P_5,M_1
F_2030,P_5,M_2
F_2031,P_5,M_3
F_2032,P_5,M_4
F_2033,P_5,M_5
F_2034,P_5,M_6
F_2035,P_5,M_7
F_2036,P_5,M_8
F_2037,P_5,M_9
F_2038,P_5,M_10
F_2039,P_5,M_11
F_2040,P_5,M_12
F_2041,P_5,M_13
F_2042,P_5,M_14
F_2043,P_5,P_1
F_2044,P_5,P_2
F_2045,P_5,P_3
F_2046,P_5,P_4
F_2047,P_5,P_6
F_2048,P_5,P_7
F_2049,P_5,P_8
F_2050,P_5,P_9
F_2051,P_5,P_10
F_2052,P_5,P_11
F_2053,P_5,P_12
F_2054,P_5,P_13
F_2055,P_5,P_14
F_2056,P_5,K_1
F_2057,P_5,K_2
F_2058,P_5,K_3
F_2059,P_5,K_4
F_2060,P_5,K_5
F_2061,P_5,K_6
F_2062,P_5,K_7
F_2063,P_5,K_8
F_2064,P_5,K_9
F_2065,P_5,K_10
F_2066,P_5,K_11
F_2067,P_5,K_12
F_2068,P_5,K_13
F_2069,P_5,K_14
F_2070,P_5,K_15
F_2071,P_5,K_16
F_2072,P_5,K_17
F_2073,P_5,K_18
F_2074,P_5,K_19
F_2075,P_6,S_1
F_2076,P_6,S_2
F_2077,P_6,S_3
F_2078,P_6,S_4
F_2079,P_6,S_5
F_2080,P_6,S_6
F_2081,P_6,S_7
F_2082,P_6,S_8
F_2083,P_6,S_9
F_2084,P_6,S_10
F_2085,P_6,S_11
F_2086,P_6,S_12
F_2087,P_6,S_13
F_2088,P_6,S_14
F_2089,P_6,S_15
F_2090,P_6,M_1
F_2091,P_6,M_2
F_2092,P_6,M_3
F_2093,P_6,M_4
F_2094,P_6,M_5
F_2095,P_6,M_6
F_2096,P_6,M_7
F_2097,P_6,M_8
F_2098,P_6,M_9
F_2099,P_6,M_10
F_2100,P_6,M_11
F_2101,P_6,M_12
F_2102,P_6,M_13
F_2103,P_6,M_14
F_2104,P_6,P_1
F_2105,P_6,P_2
F_2106,P_6,P_3
F_2107,P_6,P_4
F_2108,P_6,P_5
F_2109,P_6,P_7
F_2110,P_6,P_8
F_2111,P_6,P_9
F_2112,P_6,P_10
F_2113,P_6,P_11
F_2114,P_6,P_12
F_2115,P_6,P_13
F_2116,P_6,P_14
F_2117,P_6,K_1
F_2118,P_6,K_2
F_2119,P_6,K_3
F_2120,P_6,K_4
F_2121,P_6,K_5
F_2122,P_6,K_6
F_2123,P_6,K_7
F_2124,P_6,K_8
F_2125,P_6,K_9
F_2126,P_6,K_10
F_2127,P_6,K_11
F_2128,P_6,K_12
F_2129,P_6,K_13
F_2130,P_6,K_14
F_2131,P_6,K_15
F_2132,P_6,K_16
F_2133,P_6,K_17
F_2134,P_6,K_18
F_2135,P_6,K_19
F_2136,P_7,S_1
F_2137,P_7,S_2
F_2138,P_7,S_3
F_2139,P_7,S_4
F_2140,P_7,S_5
F_2141,P_7,S_6
F_2142,P_7,S_7
F_2143,P_7,S_8
F_2144,P_7,S_9
F_2145,P_7,S_10
F_2146,P_7,S_11
F_2147,P_7,S_12
F_2148,P_7,S_13
F_2149,P_7,S_14
F_2150,P_7,S_15
F_2151,P_7,M_1
F_2152,P_7,M_2
F_2153,P_7,M_3
F_2154,P_7,M_4
F_2155,P_7,M_5
F_2156,P_7,M_6
F_2157,P_7,M_7
F_2158,P_7,M_8
F_2159,P_7,M_9
F_2160,P_7,M_10
F_2161,P_7,M_11
F_2162,P_7,M_12
F_2163,P_7,M_13
F_2164,P_7,M_14
F_2165,P_7,P_1
F_2166,P_7,P_2
F_2167,P_7,P_3
F_2168,P_7,P_4
F_2169,P_7,P_5
F_2170,P_7,P_6
F_2171,P_7,P_8
F_2172,P_7,P_9
F_2173,P_7,P_10
F_2174,P_7,P_11
F_2175,P_7,P_12
F_2176,P_7,P_13
F_2177,P_7,P_14
F_2178,P_7,K_1
F_2179,P_7,K_2
F_2180,P_7,K_3
F_2181,P_7,K_4
F_2182,P_7,K_5
F_2183,P_7,K_6
F_2184,P_7,K_7
F_2185,P_7,K_8
F_2186,P_7,K_9
F_2187,P_7,K_10
F_2188,P_7,K_11
F_2189,P_7,K_12
F_2190,P_7,K_13
F_2191,P_7,K_14
F_2192,P_7,K_15
F_2193,P_7,K_16
F_2194,P_7,K_17
F_2195,P_7,K_18
F_2196,P_7,K_19
F_2197,P_8,S_1
F_2198,P_8,S_2
F_2199,P_8,S_3
F_2200,P_8,S_4
F_2201,P_8,S_5
F_2202,P_8,S_6
F_2203,P_8,S_7
F_2204,P_8,S_8
F_2205,P_8,S_9
F_2206,P_8,S_10
F_2207,P_8,S_11
F_2208,P_8,S_12
F_2209,P_8,S_13
F_2210,P_8,S_14
F_2211,P_8,S_15
F_2212,P_8,M_1
F_2213,P_8,M_2
F_2214,P_8,M_3
F_2215,P_8,M_4
F_2216,P_8,M_5
F_2217,P_8,M_6
F_2218,P_8,M_7
F_2219,P_8,M_8
F_2220,P_8,M_9
F_2221,P_8,M_10
F_2222,P_8,M_11
F_2223,P_8,M_12
F_2224,P_8,M_13
F_2225,P_8,M_14
F_2226,P_8,P_1
F_2227,P_8,P_2
F_2228,P_8,P_3
F_2229,P_8,P_4
F_2230,P_8,P_5
F_2231,P_8,P_6
F_2232,P_8,P_7
F_2233,P_8,P_9
F_2234,P_8,P_10
F_2235,P_8,P_11
F_2236,P_8,P_12
F_2237,P_8,P_13
F_2238,P_8,P_14
F_2239,P_8,K_1
F_2240,P_8,K_2
F_2241,P_8,K_3
F_2242,P_8,K_4
F_2243,P_8,K_5
F_2244,P_8,K_6
F_2245,P_8,K_7
F_2246,P_8,K_8
F_2247,P_8,K_9
F_2248,P_8,K_10
F_2249,P_8,K_11
F_2250,P_8,K_12
F_2251,P_8,K_13
F_2252,P_8,K_14
F_2253,P_8,K_15
F_2254,P_8,K_16
F_2255,P_8,K_17
F_2256,P_8,K_18
F_2257,P_8,K_19
F_2258,P_9,S_1
F_2259,P_9,S_2
F_2260,P_9,S_3
F_2261,P_9,S_4
F_2262,P_9,S_5
F_2263,P_9,S_6
F_2264,P_9,S_7
F_2265,P_9,S_8
F_2266,P_9,S_9
F_2267,P_9,S_10
F_2268,P_9,S_11
F_2269,P_9,S_12
F_2270,P_9,S_13
F_2271,P_9,S_14
F_2272,P_9,S_15
F_2273,P_9,M_1
F_2274,P_9,M_2
F_2275,P_9,M_3
F_2276,P_9,M_4
F_2277,P_9,M_5
F_2278,P_9,M_6
F_2279,P_9,M_7
F_2280,P_9,M_8
F_2281,P_9,M_9
F_2282,P_9,M_10
F_2283,P_9,M_11
F_2284,P_9,M_12
F_2285,P_9,M_13
F_2286,P_9,M_14
F_2287,P_9,P_1
F_2288,P_9,P_2
F_2289,P_9,P_3
F_2290,P_9,P_4
F_2291,P_9,P_5
F_2292,P_9,P_6
F_2293,P_9,P_7
F_2294,P_9,P_8
F_2295,P_9,P_10
F_2296,P_9,P_11
F_2297,P_9,P_12
F_2298,P_9,P_13
F_2299,P_9,P_14
F_2300,P_9,K_1
F_2301,P_9,K_2
F_2302,P_9,K_3
F_2303,P_9,K_4
F_2304,P_9,K_5
F_2305,P_9,K_6
F_2306,P_9,K_7
F_2307,P_9,K_8
F_2308,P_9,K_9
F_2309,P_9,K_10
F_2310,P_9,K_11
F_2311,P_9,K_12
F_2312,P_9,K_13
F_2313,P_9,K_14
F_2314,P_9,K_15
F_2315,P_9,K_16
F_2316,P_9,K_17
F_2317,P_9,K_18
F_2318,P_9,K_19
F_2319,P_10,S_1
F_2320,P_10,S_2
F_2321,P_10,S_3
F_2322,P_10,S_4
F_2323,P_10,S_5
F_2324,P_10,S_6
F_2325,P_10,S_7
F_2326,P_10,S_8
F_2327,P_10,S_9
F_2328,P_10,S_10
F_2329,P_10,S_11
F_2330,P_10,S_12
F_2331,P_10,S_13
F_2332,P_10,S_14
F_2333,P_10,S_15
F_2334,P_10,M_1
F_2335,P_10,M_2
F_2336,P_10,M_3
F_2337,P_10,M_4
F_2338,P_10,M_5
F_2339,P_10,M_6
F_2340,P_10,M_7
F_2341,P_10,M_8
F_2342,P_10,M_9
F_2343,P_10,M_10
F_2344,P_10,M_11
F_2345,P_10,M_12
F_2346,P_10,M_13
F_2347,P_10,M_14
F_2348,P_10,P_1
F_2349,P_10,P_2
F_2350,P_10,P_3
F_2351,P_10,P_4
F_2352,P_10,P_5
F_2353,P_10,P_6
F_2354,P_10,P_7
F_2355,P_10,P_8
F_2356,P_10,P_9
F_2357,P_10,P_11
F_2358,P_10,P_12
F_2359,P_10,P_13
F_2360,P_10,P_14
F_2361,P_10,K_1
F_2362,P_10,K_2
F_2363,P_10,K_3
F_2364,P_10,K_4
F_2365,P_10,K_5
F_2366,P_10,K_6
F_2367,P_10,K_7
F_2368,P_10,K_8
F_2369,P_10,K_9
F_2370,P_10,K_10
F_2371,P_10,K_11
F_2372,P_10,K_12
F_2373,P_10,K_13
F_2374,P_10,K_14
F_2375,P_10,K_15
F_2376,P_10,K_16
F_2377,P_10,K_17
F_2378,P_10,K_18
F_2379,P_10,K_19
F_2380,P_11,S_1
F_2381,P_11,S_2
F_2382,P_11,S_3
F_2383,P_11,S_4
F_2384,P_11,S_5
F_2385,P_11,S_6
F_2386,P_11,S_7
F_2387,P_11,S_8
F_2388,P_11,S_9
F_2389,P_11,S_10
F_2390,P_11,S_11
F_2391,P_11,S_12
F_2392,P_11,S_13
F_2393,P_11,S_14
F_2394,P_11,S_15
F_2395,P_11,M_1
F_2396,P_11,M_2
F_2397,P_11,M_3
F_2398,P_11,M_4
F_2399,P_11,M_5
F_2400,P_11,M_6
F_2401,P_11,M_7
F_2402,P_11,M_8
F_2403,P_11,M_9
F_2404,P_11,M_10
F_2405,P_11,M_11
F_2406,P_11,M_12
F_2407,P_11,M_13
F_2408,P_11,M_14
F_2409,P_11,P_1
F_2410,P_11,P_2
F_2411,P_11,P_3
F_2412,P_11,P_4
F_2413,P_11,P_5
F_2414,P_11,P_6
F_2415,P_11,P_7
F_2416,P_11,P_8
F_2417,P_11,P_9
F_2418,P_11,P_10
F_2419,P_11,P_12
F_2420,P_11,P_13
F_2421,P_11,P_14
F_2422,P_11,K_1
F_2423,P_11,K_2
F_2424,P_11,K_3
F_2425,P_11,K_4
F_2426,P_11,K_5
F_2427,P_11,K_6
F_2428,P_11,K_7
F_2429,P_11,K_8
F_2430,P_11,K_9
F_2431,P_11,K_10
F_2432,P_11,K_11
F_2433,P_11,K_12
F_2434,P_11,K_13
F_2435,P_11,K_14
F_2436,P_11,K_15
F_2437,P_11,K_16
F_2438,P_11,K_17
F_2439,P_11,K_18
F_2440,P_11,K_19
F_2441,P_12,S_1
F_2442,P_12,S_2
F_2443,P_12,S_3
F_2444,P_12,S_4
F_2445,P_12,S_5
F_2446,P_12,S_6
F_2447,P_12,S_7
F_2448,P_12,S_8
F_2449,P_12,S_9
F_2450,P_12,S_10
F_2451,P_12,S_11
F_2452,P_12,S_12
F_2453,P_12,S_13
F_2454,P_12,S_14
F_2455,P_12,S_15
F_2456,P_12,M_1
F_2457,P_12,M_2
F_2458,P_12,M_3
F_2459,P_12,M_4
F_2460,P_12,M_5
F_2461,P_12,M_6
F_2462,P_12,M_7
F_2463,P_12,M_8
F_2464,P_12,M_9
F_2465,P_12,M_10
F_2466,P_12,M_11
F_2467,P_12,M_12
F_2468,P_12,M_13
F_2469,P_12,M_14
F_2470,P_12,P_1
F_2471,P_12,P_2
F_2472,P_12,P_3
F_2473,P_12,P_4
F_2474,P_12,P_5
F_2475,P_12,P_6
F_2476,P_12,P_7
F_2477,P_12,P_8
F_2478,P_12,P_9
F_2479,P_12,P_10
F_2480,P_12,P_11
F_2481,P_12,P_13
F_2482,P_12,P_14
F_2483,P_12,K_1
F_2484,P_12,K_2
F_2485,P_12,K_3
F_2486,P_12,K_4
F_2487,P_12,K_5
F_2488,P_12,K_6
F_2489,P_12,K_7
F_2490,P_12,K_8
F_2491,P_12,K_9
F_2492,P_12,K_10
F_2493,P_12,K_11
F_2494,P_12,K_12
F_2495,P_12,K_13
F_2496,P_12,K_14
F_2497,P_12,K_15
F_2498,P_12,K_16
F_2499,P_12,K_17
F_2500,P_12,K_18
F_2501,P_12,K_19
F_2502,P_13,S_1
F_2503,P_13,S_2
F_2504,P_13,S_3
F_2505,P_13,S_4
F_2506,P_13,S_5
F_2507,P_13,S_6
F_2508,P_13,S_7
F_2509,P_13,S_8
F_2510,P_13,S_9
F_2511,P_13,S_10
F_2512,P_13,S_11
F_2513,P_13,S_12
F_2514,P_13,S_13
F_2515,P_13,S_14
F_2516,P_13,S_15
F_2517,P_13,M_1
F_2518,P_13,M_2
F_2519,P_13,M_3
F_2520,P_13,M_4
F_2521,P_13,M_5
F_2522,P_13,M_6
F_2523,P_13,M_7
F_2524,P_13,M_8
F_2525,P_13,M_9
F_2526,P_13,M_10
F_2527,P_13,M_11
F_2528,P_13,M_12
F_2529,P_13,M_13
F_2530,P_13,M_14
F_2531,P_13,P_1
F_2532,P_13,P_2
F_2533,P_13,P_3
F_2534,P_13,P_4
F_2535,P_13,P_5
F_2536,P_13,P_6
F_2537,P_13,P_7
F_2538,P_13,P_8
F_2539,P_13,P_9
F_2540,P_13,P_10
F_2541,P_13,P_11
F_2542,P_13,P_12
F_2543,P_13,P_14
F_2544,P_13,K_1
F_2545,P_13,K_2
F_2546,P_13,K_3
F_2547,P_13,K_4
F_2548,P_13,K_5
F_2549,P_13,K_6
F_2550,P_13,K_7
F_2551,P_13,K_8
F_2552,P_13,K_9
F_2553,P_13,K_10
F_2554,P_13,K_11
F_2555,P_13,K_12
F_2556,P_13,K_13
F_2557,P_13,K_14
F_2558,P_13,K_15
F_2559,P_13,K_16
F_2560,P_13,K_17
F_2561,P_13,K_18
F_2562,P_13,K_19
F_2563,P_14,S_1
F_2564,P_14,S_2
F_2565,P_14,S_3
F_2566,P_14,S_4
F_2567,P_14,S_5
F_2568,P_14,S_6
F_2569,P_14,S_7
F_2570,P_14,S_8
F_2571,P_14,S_9
F_2572,P_14,S_10
F_2573,P_14,S_11
F_2574,P_14,S_12
F_2575,P_14,S_13
F_2576,P_14,S_14
F_2577,P_14,S_15
F_2578,P_14,M_1
F_2579,P_14,M_2
F_2580,P_14,M_3
F_2581,P_14,M_4
F_2582,P_14,M_5
F_2583,P_14,M_6
F_2584,P_14,M_7
F_2585,P_14,M_8
F_2586,P_14,M_9
F_2587,P_14,M_10
F_2588,P_14,M_11
F_2589,P_14,M_12
F_2590,P_14,M_13
F_2591,P_14,M_14
F_2592,P_14,P_1
F_2593,P_14,P_2
F_2594,P_14,P_3
F_2595,P_14,P_4
F_2596,P_14,P_5
F_2597,P_14,P_6
F_2598,P_14,P_7
F_2599,P_14,P_8
F_2600,P_14,P_9
F_2601,P_14,P_10
F_2602,P_14,P_11
F_2603,P_14,P_12
F_2604,P_14,P_13
F_2605,P_14,K_1
F_2606,P_14,K_2
F_2607,P_14,K_3
F_2608,P_14,K_4
F_2609,P_14,K_5
F_2610,P_14,K_6
F_2611,P_14,K_7
F_2612,P_14,K_8
F_2613,P_14,K_9
F_2614,P_14,K_10
F_2615,P_14,K_11
F_2616,P_14,K_12
F_2617,P_14,K_13
F_2618,P_14,K_14
F_2619,P_14,K_15
F_2620,P_14,K_16
F_2621,P_14,K_17
F_2622,P_14,K_18
F_2623,P_14,K_19
F_2624,K_1,S_1
F_2625,K_1,S_2
F_2626,K_1,S_3
F_2627,K_1,S_4
F_2628,K_1,S_5
F_2629,K_1,S_6
F_2630,K_1,S_7
F_2631,K_1,S_8
F_2632,K_1,S_9
F_2633,K_1,S_10
F_2634,K_1,S_11
F_2635,K_1,S_12
F_2636,K_1,S_13
F_2637,K_1,S_14
F_2638,K_1,S_15
F_2639,K_1,M_1
F_2640,K_1,M_2
F_2641,K_1,M_3
F_2642,K_1,M_4
F_2643,K_1,M_5
F_2644,K_1,M_6
F_2645,K_1,M_7
F_2646,K_1,M_8
F_2647,K_1,M_9
F_2648,K_1,M_10
F_2649,K_1,M_11
F_2650,K_1,M_12
F_2651,K_1,M_13
F_2652,K_1,M_14
F_2653,K_1,P_1
F_2654,K_1,P_2
F_2655,K_1,P_3
F_2656,K_1,P_4
F_2657,K_1,P_5
F_2658,K_1,P_6
F_2659,K_1,P_7
F_2660,K_1,P_8
F_2661,K_1,P_9
F_2662,K_1,P_10
F_2663,K_1,P_11
F_2664,K_1,P_12
F_2665,K_1,P_13
F_2666,K_1,P_14
F_2667,K_1,K_2
F_2668,K_1,K_3
F_2669,K_1,K_4
F_2670,K_1,K_5
F_2671,K_1,K_6
F_2672,K_1,K_7
F_2673,K_1,K_8
F_2674,K_1,K_9
F_2675,K_1,K_10
F_2676,K_1,K_11
F_2677,K_1,K_12
F_2678,K_1,K_13
F_2679,K_1,K_14
F_2680,K_1,K_15
F_2681,K_1,K_16
F_2682,K_1,K_17
F_2683,K_1,K_18
F_2684,K_1,K_19
F_2685,K_2,S_1
F_2686,K_2,S_2
F_2687,K_2,S_3
F_2688,K_2,S_4
F_2689,K_2,S_5
F_2690,K_2,S_6
F_2691,K_2,S_7
F_2692,K_2,S_8
F_2693,K_2,S_9
F_2694,K_2,S_10
F_2695,K_2,S_11
F_2696,K_2,S_12
F_2697,K_2,S_13
F_2698,K_2,S_14
F_2699,K_2,S_15
F_2700,K_2,M_1
F_2701,K_2,M_2
F_2702,K_2,M_3
F_2703,K_2,M_4
F_2704,K_2,M_5
F_2705,K_2,M_6
F_2706,K_2,M_7
F_2707,K_2,M_8
F_2708,K_2,M_9
F_2709,K_2,M_10
F_2710,K_2,M_11
F_2711,K_2,M_12
F_2712,K_2,M_13
F_2713,K_2,M_14
F_2714,K_2,P_1
F_2715,K_2,P_2
F_2716,K_2,P_3
F_2717,K_2,P_4
F_2718,K_2,P_5
F_2719,K_2,P_6
F_2720,K_2,P_7
F_2721,K_2,P_8
F_2722,K_2,P_9
F_2723,K_2,P_10
F_2724,K_2,P_11
F_2725,K_2,P_12
F_2726,K_2,P_13
F_2727,K_2,P_14
F_2728,K_2,K_1
F_2729,K_2,K_3
F_2730,K_2,K_4
F_2731,K_2,K_5
F_2732,K_2,K_6
F_2733,K_2,K_7
F_2734,K_2,K_8
F_2735,K_2,K_9
F_2736,K_2,K_10
F_2737,K_2,K_11
F_2738,K_2,K_12
F_2739,K_2,K_13
F_2740,K_2,K_14
F_2741,K_2,K_15
F_2742,K_2,K_16
F_2743,K_2,K_17
F_2744,K_2,K_18
F_2745,K_2,K_19
F_2746,K_3,S_1
F_2747,K_3,S_2
F_2748,K_3,S_3
F_2749,K_3,S_4
F_2750,K_3,S_5
F_2751,K_3,S_6
F_2752,K_3,S_7
F_2753,K_3,S_8
F_2754,K_3,S_9
F_2755,K_3,S_10
F_2756,K_3,S_11
F_2757,K_3,S_12
F_2758,K_3,S_13
F_2759,K_3,S_14
F_2760,K_3,S_15
F_2761,K_3,M_1
F_2762,K_3,M_2
F_2763,K_3,M_3
F_2764,K_3,M_4
F_2765,K_3,M_5
F_2766,K_3,M_6
F_2767,K_3,M_7
F_2768,K_3,M_8
F_2769,K_3,M_9
F_2770,K_3,M_10
F_2771,K_3,M_11
F_2772,K_3,M_12
F_2773,K_3,M_13
F_2774,K_3,M_14
F_2775,K_3,P_1
F_2776,K_3,P_2
F_2777,K_3,P_3
F_2778,K_3,P_4
F_2779,K_3,P_5
F_2780,K_3,P_6
F_2781,K_3,P_7
F_2782,K_3,P_8
F_2783,K_3,P_9
F_2784,K_3,P_10
F_2785,K_3,P_11
F_2786,K_3,P_12
F_2787,K_3,P_13
F_2788,K_3,P_14
F_2789,K_3,K_1
F_2790,K_3,K_2
F_2791,K_3,K_4
F_2792,K_3,K_5
F_2793,K_3,K_6
F_2794,K_3,K_7
F_2795,K_3,K_8
F_2796,K_3,K_9
F_2797,K_3,K_10
F_2798,K_3,K_11
F_2799,K_3,K_12
F_2800,K_3,K_13
F_2801,K_3,K_14
F_2802,K_3,K_15
F_2803,K_3,K_16
F_2804,K_3,K_17
F_2805,K_3,K_18
F_2806,K_3,K_19
F_2807,K_4,S_1
F_2808,K_4,S_2
F_2809,K_4,S_3
F_2810,K_4,S_4
F_2811,K_4,S_5
F_2812,K_4,S_6
F_2813,K_4,S_7
F_2814,K_4,S_8
F_2815,K_4,S_9
F_2816,K_4,S_10
F_2817,K_4,S_11
F_2818,K_4,S_12
F_2819,K_4,S_13
F_2820,K_4,S_14
F_2821,K_4,S_15
F_2822,K_4,M_1
F_2823,K_4,M_2
F_2824,K_4,M_3
F_2825,K_4,M_4
F_2826,K_4,M_5
F_2827,K_4,M_6
F_2828,K_4,M_7
F_2829,K_4,M_8
F_2830,K_4,M_9
F_2831,K_4,M_10
F_2832,K_4,M_11
F_2833,K_4,M_12
F_2834,K_4,M_13
F_2835,K_4,M_14
F_2836,K_4,P_1
F_2837,K_4,P_2
F_2838,K_4,P_3
F_2839,K_4,P_4
F_2840,K_4,P_5
F_2841,K_4,P_6
F_2842,K_4,P_7
F_2843,K_4,P_8
F_2844,K_4,P_9
F_2845,K_4,P_10
F_2846,K_4,P_11
F_2847,K_4,P_12
F_2848,K_4,P_13
F_2849,K_4,P_14
F_2850,K_4,K_1
F_2851,K_4,K_2
F_2852,K_4,K_3
F_2853,K_4,K_5
F_2854,K_4,K_6
F_2855,K_4,K_7
F_2856,K_4,K_8
F_2857,K_4,K_9
F_2858,K_4,K_10
F_2859,K_4,K_11
F_2860,K_4,K_12
F_2861,K_4,K_13
F_2862,K_4,K_14
F_2863,K_4,K_15
F_2864,K_4,K_16
F_2865,K_4,K_17
F_2866,K_4,K_18
F_2867,K_4,K_19
F_2868,K_5,S_1
F_2869,K_5,S_2
F_2870,K_5,S_3
F_2871,K_5,S_4
F_2872,K_5,S_5
F_2873,K_5,S_6
F_2874,K_5,S_7
F_2875,K_5,S_8
F_2876,K_5,S_9
F_2877,K_5,S_10
F_2878,K_5,S_11
F_2879,K_5,S_12
F_2880,K_5,S_13
F_2881,K_5,S_14
F_2882,K_5,S_15
F_2883,K_5,M_1
F_2884,K_5,M_2
F_2885,K_5,M_3
F_2886,K_5,M_4
F_2887,K_5,M_5
F_2888,K_5,M_6
F_2889,K_5,M_7
F_2890,K_5,M_8
F_2891,K_5,M_9
F_2892,K_5,M_10
F_2893,K_5,M_11
F_2894,K_5,M_12
F_2895,K_5,M_13
F_2896,K_5,M_14
F_2897,K_5,P_1
F_2898,K_5,P_2
F_2899,K_5,P_3
F_2900,K_5,P_4
F_2901,K_5,P_5
F_2902,K_5,P_6
F_2903,K_5,P_7
F_2904,K_5,P_8
F_2905,K_5,P_9
F_2906,K_5,P_10
F_2907,K_5,P_11
F_2908,K_5,P_12
F_2909,K_5,P_13
F_2910,K_5,P_14
F_2911,K_5,K_1
F_2912,K_5,K_2
F_2913,K_5,K_3
F_2914,K_5,K_4
F_2915,K_5,K_6
F_2916,K_5,K_7
F_2917,K_5,K_8
F_2918,K_5,K_9
F_2919,K_5,K_10
F_2920,K_5,K_11
F_2921,K_5,K_12
F_2922,K_5,K_13
F_2923,K_5,K_14
F_2924,K_5,K_15
F_2925,K_5,K_16
F_2926,K_5,K_17
F_2927,K_5,K_18
F_2928,K_5,K_19
F_2929,K_6,S_1
F_2930,K_6,S_2
F_2931,K_6,S_3
F_2932,K_6,S_4
F_2933,K_6,S_5
F_2934,K_6,S_6
F_2935,K_6,S_7
F_2936,K_6,S_8
F_2937,K_6,S_9
F_2938,K_6,S_10
F_2939,K_6,S_11
F_2940,K_6,S_12
F_2941,K_6,S_13
F_2942,K_6,S_14
F_2943,K_6,S_15
F_2944,K_6,M_1
F_2945,K_6,M_2
F_2946,K_6,M_3
F_2947,K_6,M_4
F_2948,K_6,M_5
F_2949,K_6,M_6
F_2950,K_6,M_7
F_2951,K_6,M_8
F_2952,K_6,M_9
F_2953,K_6,M_10
F_2954,K_6,M_11
F_2955,K_6,M_12
F_2956,K_6,M_13
F_2957,K_6,M_14
F_2958,K_6,P_1
F_2959,K_6,P_2
F_2960,K_6,P_3
F_2961,K_6,P_4
F_2962,K_6,P_5
F_2963,K_6,P_6
F_2964,K_6,P_7
F_2965,K_6,P_8
F_2966,K_6,P_9
F_2967,K_6,P_10
F_2968,K_6,P_11
F_2969,K_6,P_12
F_2970,K_6,P_13
F_2971,K_6,P_14
F_2972,K_6,K_1
F_2973,K_6,K_2
F_2974,K_6,K_3
F_2975,K_6,K_4
F_2976,K_6,K_5
F_2977,K_6,K_7
F_2978,K_6,K_8
F_2979,K_6,K_9
F_2980,K_6,K_10
F_2981,K_6,K_11
F_2982,K_6,K_12
F_2983,K_6,K_13
F_2984,K_6,K_14
F_2985,K_6,K_15
F_2986,K_6,K_16
F_2987,K_6,K_17
F_2988,K_6,K_18
F_2989,K_6,K_19
F_2990,K_7,S_1
F_2991,K_7,S_2
F_2992,K_7,S_3
F_2993,K_7,S_4
F_2994,K_7,S_5
F_2995,K_7,S_6
F_2996,K_7,S_7
F_2997,K_7,S_8
F_2998,K_7,S_9
F_2999,K_7,S_10
F_3000,K_7,S_11
F_3001,K_7,S_12
F_3002,K_7,S_13
F_3003,K_7,S_14
F_3004,K_7,S_15
F_3005,K_7,M_1
F_3006,K_7,M_2
F_3007,K_7,M_3
F_3008,K_7,M_4
F_3009,K_7,M_5
F_3010,K_7,M_6
F_3011,K_7,M_7
F_3012,K_7,M_8
F_3013,K_7,M_9
F_3014,K_7,M_10
F_3015,K_7,M_11
F_3016,K_7,M_12
F_3017,K_7,M_13
F_3018,K_7,M_14
F_3019,K_7,P_1
F_3020,K_7,P_2
F_3021,K_7,P_3
F_3022,K_7,P_4
F_3023,K_7,P_5
F_3024,K_7,P_6
F_3025,K_7,P_7
F_3026,K_7,P_8
F_3027,K_7,P_9
F_3028,K_7,P_10
F_3029,K_7,P_11
F_3030,K_7,P_12
F_3031,K_7,P_13
F_3032,K_7,P_14
F_3033,K_7,K_1
F_3034,K_7,K_2
F_3035,K_7,K_3
F_3036,K_7,K_4
F_3037,K_7,K_5
F_3038,K_7,K_6
F_3039,K_7,K_8
F_3040,K_7,K_9
F_3041,K_7,K_10
F_3042,K_7,K_11
F_3043,K_7,K_12
F_3044,K_7,K_13
F_3045,K_7,K_14
F_3046,K_7,K_15
F_3047,K_7,K_16
F_3048,K_7,K_17
F_3049,K_7,K_18
F_3050,K_7,K_19
F_3051,K_8,S_1
F_3052,K_8,S_2
F_3053,K_8,S_3
F_3054,K_8,S_4
F_3055,K_8,S_5
F_3056,K_8,S_6
F_3057,K_8,S_7
F_3058,K_8,S_8
F_3059,K_8,S_9
F_3060,K_8,S_10
F_3061,K_8,S_11
F_3062,K_8,S_12
F_3063,K_8,S_13
F_3064,K_8,S_14
F_3065,K_8,S_15
F_3066,K_8,M_1
F_3067,K_8,M_2
F_3068,K_8,M_3
F_3069,K_8,M_4
F_3070,K_8,M_5
F_3071,K_8,M_6
F_3072,K_8,M_7
F_3073,K_8,M_8
F_3074,K_8,M_9
F_3075,K_8,M_10
F_3076,K_8,M_11
F_3077,K_8,M_12
F_3078,K_8,M_13
F_3079,K_8,M_14
F_3080,K_8,P_1
F_3081,K_8,P_2
F_3082,K_8,P_3
F_3083,K_8,P_4
F_3084,K_8,P_5
F_3085,K_8,P_6
F_3086,K_8,P_7
F_3087,K_8,P_8
F_3088,K_8,P_9
F_3089,K_8,P_10
F_3090,K_8,P_11
F_3091,K_8,P_12
F_3092,K_8,P_13
F_3093,K_8,P_14
F_3094,K_8,K_1
F_3095,K_8,K_2
F_3096,K_8,K_3
F_3097,K_8,K_4
F_3098,K_8,K_5
F_3099,K_8,K_6
F_3100,K_8,K_7
F_3101,K_8,K_9
F_3102,K_8,K_10
F_3103,K_8,K_11
F_3104,K_8,K_12
F_3105,K_8,K_13
F_3106,K_8,K_14
F_3107,K_8,K_15
F_3108,K_8,K_16
F_3109,K_8,K_17
F_3110,K_8,K_18
F_3111,K_8,K_19
F_3112,K_9,S_1
F_3113,K_9,S_2
F_3114,K_9,S_3
F_3115,K_9,S_4
F_3116,K_9,S_5
F_3117,K_9,S_6
F_3118,K_9,S_7
F_3119,K_9,S_8
F_3120,K_9,S_9
F_3121,K_9,S_10
F_3122,K_9,S_11
F_3123,K_9,S_12
F_3124,K_9,S_13
F_3125,K_9,S_14
F_3126,K_9,S_15
F_3127,K_9,M_1
F_3128,K_9,M_2
F_3129,K_9,M_3
F_3130,K_9,M_4
F_3131,K_9,M_5
F_3132,K_9,M_6
F_3133,K_9,M_7
F_3134,K_9,M_8
F_3135,K_9,M_9
F_3136,K_9,M_10
F_3137,K_9,M_11
F_3138,K_9,M_12
F_3139,K_9,M_13
F_3140,K_9,M_14
F_3141,K_9,P_1
F_3142,K_9,P_2
F_3143,K_9,P_3
F_3144,K_9,P_4
F_3145,K_9,P_5
F_3146,K_9,P_6
F_3147,K_9,P_7
F_3148,K_9,P_8
F_3149,K_9,P_9
F_3150,K_9,P_10
F_3151,K_9,P_11
F_3152,K_9,P_12
F_3153,K_9,P_13
F_3154,K_9,P_14
F_3155,K_9,K_1
F_3156,K_9,K_2
F_3157,K_9,K_3
F_3158,K_9,K_4
F_3159,K_9,K_5
F_3160,K_9,K_6
F_3161,K_9,K_7
F_3162,K_9,K_8
F_3163,K_9,K_10
F_3164,K_9,K_11
F_3165,K_9,K_12
F_3166,K_9,K_13
F_3167,K_9,K_14
F_3168,K_9,K_15
F_3169,K_9,K_16
F_3170,K_9,K_17
F_3171,K_9,K_18
F_3172,K_9,K_19
F_3173,K_10,S_1
F_3174,K_10,S_2
F_3175,K_10,S_3
F_3176,K_10,S_4
F_3177,K_10,S_5
F_3178,K_10,S_6
F_3179,K_10,S_7
F_3180,K_10,S_8
F_3181,K_10,S_9
F_3182,K_10,S_10
F_3183,K_10,S_11
F_3184,K_10,S_12
F_3185,K_10,S_13
F_3186,K_10,S_14
F_3187,K_10,S_15
F_3188,K_10,M_1
F_3189,K_10,M_2
F_3190,K_10,M_3
F_3191,K_10,M_4
F_3192,K_10,M_5
F_3193,K_10,M_6
F_3194,K_10,M_7
F_3195,K_10,M_8
F_3196,K_10,M_9
F_3197,K_10,M_10
F_3198,K_10,M_11
F_3199,K_10,M_12
F_3200,K_10,M_13
F_3201,K_10,M_14
F_3202,K_10,P_1
F_3203,K_10,P_2
F_3204,K_10,P_3
F_3205,K_10,P_4
F_3206,K_10,P_5
F_3207,K_10,P_6
F_3208,K_10,P_7
F_3209,K_10,P_8
F_3210,K_10,P_9
F_3211,K_10,P_10
F_3212,K_10,P_11
F_3213,K_10,P_12
F_3214,K_10,P_13
F_3215,K_10,P_14
F_3216,K_10,K_1
F_3217,K_10,K_2
F_3218,K_10,K_3
F_3219,K_10,K_4
F_3220,K_10,K_5
F_3221,K_10,K_6
F_3222,K_10,K_7
F_3223,K_10,K_8
F_3224,K_10,K_9
F_3225,K_10,K_11
F_3226,K_10,K_12
F_3227,K_10,K_13
F_3228,K_10,K_14
F_3229,K_10,K_15
F_3230,K_10,K_16
F_3231,K_10,K_17
F_3232,K_10,K_18
F_3233,K_10,K_19
F_3234,K_11,S_1
F_3235,K_11,S_2
F_3236,K_11,S_3
F_3237,K_11,S_4
F_3238,K_11,S_5
F_3239,K_11,S_6
F_3240,K_11,S_7
F_3241,K_11,S_8
F_3242,K_11,S_9
F_3243,K_11,S_10
F_3244,K_11,S_11
F_3245,K_11,S_12
F_3246,K_11,S_13
F_3247,K_11,S_14
F_3248,K_11,S_15
F_3249,K_11,M_1
F_3250,K_11,M_2
F_3251,K_11,M_3
F_3252,K_11,M_4
F_3253,K_11,M_5
F_3254,K_11,M_6
F_3255,K_11,M_7
F_3256,K_11,M_8
F_3257,K_11,M_9
F_3258,K_11,M_10
F_3259,K_11,M_11
F_3260,K_11,M_12
F_3261,K_11,M_13
F_3262,K_11,M_14
F_3263,K_11,P_1
F_3264,K_11,P_2
F_3265,K_11,P_3
F_3266,K_11,P_4
F_3267,K_11,P_5
F_3268,K_11,P_6
F_3269,K_11,P_7
F_3270,K_11,P_8
F_3271,K_11,P_9
F_3272,K_11,P_10
F_3273,K_11,P_11
F_3274,K_11,P_12
F_3275,K_11,P_13
F_3276,K_11,P_14
F_3277,K_11,K_1
F_3278,K_11,K_2
F_3279,K_11,K_3
F_3280,K_11,K_4
F_3281,K_11,K_5
F_3282,K_11,K_6
F_3283,K_11,K_7
F_3284,K_11,K_8
F_3285,K_11,K_9
F_3286,K_11,K_10
F_3287,K_11,K_12
F_3288,K_11,K_13
F_3289,K_11,K_14
F_3290,K_11,K_15
F_3291,K_11,K_16
F_3292,K_11,K_17
F_3293,K_11,K_18
F_3294,K_11,K_19
F_3295,K_12,S_1
F_3296,K_12,S_2
F_3297,K_12,S_3
F_3298,K_12,S_4
F_3299,K_12,S_5
F_3300,K_12,S_6
F_3301,K_12,S_7
F_3302,K_12,S_8
F_3303,K_12,S_9
F_3304,K_12,S_10
F_3305,K_12,S_11
F_3306,K_12,S_12
F_3307,K_12,S_13
F_3308,K_12,S_14
F_3309,K_12,S_15
F_3310,K_12,M_1
F_3311,K_12,M_2
F_3312,K_12,M_3
F_3313,K_12,M_4
F_3314,K_12,M_5
F_3315,K_12,M_6
F_3316,K_12,M_7
F_3317,K_12,M_8
F_3318,K_12,M_9
F_3319,K_12,M_10
F_3320,K_12,M_11
F_3321,K_12,M_12
F_3322,K_12,M_13
F_3323,K_12,M_14
F_3324,K_12,P_1
F_3325,K_12,P_2
F_3326,K_12,P_3
F_3327,K_12,P_4
F_3328,K_12,P_5
F_3329,K_12,P_6
F_3330,K_12,P_7
F_3331,K_12,P_8
F_3332,K_12,P_9
F_3333,K_12,P_10
F_3334,K_12,P_11
F_3335,K_12,P_12
F_3336,K_12,P_13
F_3337,K_12,P_14
F_3338,K_12,K_1
F_3339,K_12,K_2
F_3340,K_12,K_3
F_3341,K_12,K_4
F_3342,K_12,K_5
F_3343,K_12,K_6
F_3344,K_12,K_7
F_3345,K_12,K_8
F_3346,K_12,K_9
F_3347,K_12,K_10
F_3348,K_12,K_11
F_3349,K_12,K_13
F_3350,K_12,K_14
F_3351,K_12,K_15
F_3352,K_12,K_16
F_3353,K_12,K_17
F_3354,K_12,K_18
F_3355,K_12,K_19
F_3356,K_13,S_1
F_3357,K_13,S_2
F_3358,K_13,S_3
F_3359,K_13,S_4
F_3360,K_13,S_5
F_3361,K_13,S_6
F_3362,K_13,S_7
F_3363,K_13,S_8
F_3364,K_13,S_9
F_3365,K_13,S_10
F_3366,K_13,S_11
F_3367,K_13,S_12
F_3368,K_13,S_13
F_3369,K_13,S_14
F_3370,K_13,S_15
F_3371,K_13,M_1
F_3372,K_13,M_2
F_3373,K_13,M_3
F_3374,K_13,M_4
F_3375,K_13,M_5
F_3376,K_13,M_6
F_3377,K_13,M_7
F_3378,K_13,M_8
F_3379,K_13,M_9
F_3380,K_13,M_10
F_3381,K_13,M_11
F_3382,K_13,M_12
F_3383,K_13,M_13
F_3384,K_13,M_14
F_3385,K_13,P_1
F_3386,K_13,P_2
F_3387,K_13,P_3
F_3388,K_13,P_4
F_3389,K_13,P_5
F_3390,K_13,P_6
F_3391,K_13,P_7
F_3392,K_13,P_8
F_3393,K_13,P_9
F_3394,K_13,P_10
F_3395,K_13,P_11
F_3396,K_13,P_12
F_3397,K_13,P_13
F_3398,K_13,P_14
F_3399,K_13,K_1
F_3400,K_13,K_2
F_3401,K_13,K_3
F_3402,K_13,K_4
F_3403,K_13,K_5
F_3404,K_13,K_6
F_3405,K_13,K_7
F_3406,K_13,K_8
F_3407,K_13,K_9
F_3408,K_13,K_10
F_3409,K_13,K_11
F_3410,K_13,K_12
F_3411,K_13,K_14
F_3412,K_13,K_15
F_3413,K_13,K_16
F_3414,K_13,K_17
F_3415,K_13,K_18
F_3416,K_13,K_19
F_3417,K_14,S_1
F_3418,K_14,S_2
F_3419,K_14,S_3
F_3420,K_14,S_4
F_3421,K_14,S_5
F_3422,K_14,S_6
F_3423,K_14,S_7
F_3424,K_14,S_8
F_3425,K_14,S_9
F_3426,K_14,S_10
F_3427,K_14,S_11
F_3428,K_14,S_12
F_3429,K_14,S_13
F_3430,K_14,S_14
F_3431,K_14,S_15
F_3432,K_14,M_1
F_3433,K_14,M_2
F_3434,K_14,M_3
F_3435,K_14,M_4
F_3436,K_14,M_5
F_3437,K_14,M_6
F_3438,K_14,M_7
F_3439,K_14,M_8
F_3440,K_14,M_9
F_3441,K_14,M_10
F_3442,K_14,M_11
F_3443,K_14,M_12
F_3444,K_14,M_13
F_3445,K_14,M_14
F_3446,K_14,P_1
F_3447,K_14,P_2
F_3448,K_14,P_3
F_3449,K_14,P_4
F_3450,K_14,P_5
F_3451,K_14,P_6
F_3452,K_14,P_7
F_3453,K_14,P_8
F_3454,K_14,P_9
F_3455,K_14,P_10
F_3456,K_14,P_11
F_3457,K_14,P_12
F_3458,K_14,P_13
F_3459,K_14,P_14
F_3460,K_14,K_1
F_3461,K_14,K_2
F_3462,K_14,K_3
F_3463,K_14,K_4
F_3464,K_14,K_5
F_3465,K_14,K_6
F_3466,K_14,K_7
F_3467,K_14,K_8
F_3468,K_14,K_9
F_3469,K_14,K_10
F_3470,K_14,K_11
F_3471,K_14,K_12
F_3472,K_14,K_13
F_3473,K_14,K_15
F_3474,K_14,K_16
F_3475,K_14,K_17
F_3476,K_14,K_18
F_3477,K_14,K_19
F_3478,K_15,S_1
F_3479,K_15,S_2
F_3480,K_15,S_3
F_3481,K_15,S_4
F_3482,K_15,S_5
F_3483,K_15,S_6
F_3484,K_15,S_7
F_3485,K_15,S_8
F_3486,K_15,S_9
F_3487,K_15,S_10
F_3488,K_15,S_11
F_3489,K_15,S_12
F_3490,K_15,S_13
F_3491,K_15,S_14
F_3492,K_15,S_15
F_3493,K_15,M_1
F_3494,K_15,M_2
F_3495,K_15,M_3
F_3496,K_15,M_4
F_3497,K_15,M_5
F_3498,K_15,M_6
F_3499,K_15,M_7
F_3500,K_15,M_8
F_3501,K_15,M_9
F_3502,K_15,M_10
F_3503,K_15,M_11
F_3504,K_15,M_12
F_3505,K_15,M_13
F_3506,K_15,M_14
F_3507,K_15,P_1
F_3508,K_15,P_2
F_3509,K_15,P_3
F_3510,K_15,P_4
F_3511,K_15,P_5
F_3512,K_15,P_6
F_3513,K_15,P_7
F_3514,K_15,P_8
F_3515,K_15,P_9
F_3516,K_15,P_10
F_3517,K_15,P_11
F_3518,K_15,P_12
F_3519,K_15,P_13
F_3520,K_15,P_14
F_3521,K_15,K_1
F_3522,K_15,K_2
F_3523,K_15,K_3
F_3524,K_15,K_4
F_3525,K_15,K_5
F_3526,K_15,K_6
F_3527,K_15,K_7
F_3528,K_15,K_8
F_3529,K_15,K_9
F_3530,K_15,K_10
F_3531,K_15,K_11
F_3532,K_15,K_12
F_3533,K_15,K_13
F_3534,K_15,K_14
F_3535,K_15,K_16
F_3536,K_15,K_17
F_3537,K_15,K_18
F_3538,K_15,K_19
F_3539,K_16,S_1
F_3540,K_16,S_2
F_3541,K_16,S_3
F_3542,K_16,S_4
F_3543,K_16,S_5
F_3544,K_16,S_6
F_3545,K_16,S_7
F_3546,K_16,S_8
F_3547,K_16,S_9
F_3548,K_16,S_10
F_3549,K_16,S_11
F_3550,K_16,S_12
F_3551,K_16,S_13
F_3552,K_16,S_14
F_3553,K_16,S_15
F_3554,K_16,M_1
F_3555,K_16,M_2
F_3556,K_16,M_3
F_3557,K_16,M_4
F_3558,K_16,M_5
F_3559,K_16,M_6
F_3560,K_16,M_7
F_3561,K_16,M_8
F_3562,K_16,M_9
F_3563,K_16,M_10
F_3564,K_16,M_11
F_3565,K_16,M_12
F_3566,K_16,M_13
F_3567,K_16,M_14
F_3568,K_16,P_1
F_3569,K_16,P_2
F_3570,K_16,P_3
F_3571,K_16,P_4
F_3572,K_16,P_5
F_3573,K_16,P_6
F_3574,K_16,P_7
F_3575,K_16,P_8
F_3576,K_16,P_9
F_3577,K_16,P_10
F_3578,K_16,P_11
F_3579,K_16,P_12
F_3580,K_16,P_13
F_3581,K_16,P_14
F_3582,K_16,K_1
F_3583,K_16,K_2
F_3584,K_16,K_3
F_3585,K_16,K_4
F_3586,K_16,K_5
F_3587,K_16,K_6
F_3588,K_16,K_7
F_3589,K_16,K_8
F_3590,K_16,K_9
F_3591,K_16,K_10
F_3592,K_16,K_11
F_3593,K_16,K_12
F_3594,K_16,K_13
F_3595,K_16,K_14
F_3596,K_16,K_15
F_3597,K_16,K_17
F_3598,K_16,K_18
F_3599,K_16,K_19
F_3600,K_17,S_1
F_3601,K_17,S_2
F_3602,K_17,S_3
F_3603,K_17,S_4
F_3604,K_17,S_5
F_3605,K_17,S_6
F_3606,K_17,S_7
F_3607,K_17,S_8
F_3608,K_17,S_9
F_3609,K_17,S_10
F_3610,K_17,S_11
F_3611,K_17,S_12
F_3612,K_17,S_13
F_3613,K_17,S_14
F_3614,K_17,S_15
F_3615,K_17,M_1
F_3616,K_17,M_2
F_3617,K_17,M_3
F_3618,K_17,M_4
F_3619,K_17,M_5
F_3620,K_17,M_6
F_3621,K_17,M_7
F_3622,K_17,M_8
F_3623,K_17,M_9
F_3624,K_17,M_10
F_3625,K_17,M_11
F_3626,K_17,M_12
F_3627,K_17,M_13
F_3628,K_17,M_14
F_3629,K_17,P_1
F_3630,K_17,P_2
F_3631,K_17,P_3
F_3632,K_17,P_4
F_3633,K_17,P_5
F_3634,K_17,P_6
F_3635,K_17,P_7
F_3636,K_17,P_8
F_3637,K_17,P_9
F_3638,K_17,P_10
F_3639,K_17,P_11
F_3640,K_17,P_12
F_3641,K_17,P_13
F_3642,K_17,P_14
F_3643,K_17,K_1
F_3644,K_17,K_2
F_3645,K_17,K_3
F_3646,K_17,K_4
F_3647,K_17,K_5
F_3648,K_17,K_6
F_3649,K_17,K_7
F_3650,K_17,K_8
F_3651,K_17,K_9
F_3652,K_17,K_10
F_3653,K_17,K_11
F_3654,K_17,K_12
F_3655,K_17,K_13
F_3656,K_17,K_14
F_3657,K_17,K_15
F_3658,K_17,K_16
F_3659,K_17,K_18
F_3660,K_17,K_19
F_3661,K_18,S_1
F_3662,K_18,S_2
F_3663,K_18,S_3
F_3664,K_18,S_4
F_3665,K_18,S_5
F_3666,K_18,S_6
F_3667,K_18,S_7
F_3668,K_18,S_8
F_3669,K_18,S_9
F_3670,K_18,S_10
F_3671,K_18,S_11
F_3672,K_18,S_12
F_3673,K_18,S_13
F_3674,K_18,S_14
F_3675,K_18,S_15
F_3676,K_18,M_1
F_3677,K_18,M_2
F_3678,K_18,M_3
F_3679,K_18,M_4
F_3680,K_18,M_5
F_3681,K_18,M_6
F_3682,K_18,M_7
F_3683,K_18,M_8
F_3684,K_18,M_9
F_3685,K_18,M_10
F_3686,K_18,M_11
F_3687,K_18,M_12
F_3688,K_18,M_13
F_3689,K_18,M_14
F_3690,K_18,P_1
F_3691,K_18,P_2
F_3692,K_18,P_3
F_3693,K_18,P_4
F_3694,K_18,P_5
F_3695,K_18,P_6
F_3696,K_18,P_7
F_3697,K_18,P_8
F_3698,K_18,P_9
F_3699,K_18,P_10
F_3700,K_18,P_11
F_3701,K_18,P_12
F_3702,K_18,P_13
F_3703,K_18,P_14
F_3704,K_18,K_1
F_3705,K_18,K_2
F_3706,K_18,K_3
F_3707,K_18,K_4
F_3708,K_18,K_5
F_3709,K_18,K_6
F_3710,K_18,K_7
F_3711,K_18,K_8
F_3712,K_18,K_9
F_3713,K_18,K_10
F_3714,K_18,K_11
F_3715,K_18,K_12
F_3716,K_18,K_13
F_3717,K_18,K_14
F_3718,K_18,K_15
F_3719,K_18,K_16
F_3720,K_18,K_17
F_3721,K_18,K_19
F_3722,K_19,S_1
F_3723,K_19,S_2
F_3724,K_19,S_3
F_3725,K_19,S_4
F_3726,K_19,S_5
F_3727,K_19,S_6
F_3728,K_19,S_7
F_3729,K_19,S_8
F_3730,K_19,S_9
F_3731,K_19,S_10
F_3732,K_19,S_11
F_3733,K_19,S_12
F_3734,K_19,S_13
F_3735,K_19,S_14
F_3736,K_19,S_15
F_3737,K_19,M_1
F_3738,K_19,M_2
F_3739,K_19,M_3
F_3740,K_19,M_4
F_3741,K_19,M_5
F_3742,K_19,M_6
F_3743,K_19,M_7
F_3744,K_19,M_8
F_3745,K_19,M_9
F_3746,K_19,M_10
F_3747,K_19,M_11
F_3748,K_19,M_12
F_3749,K_19,M_13
F_3750,K_19,M_14
F_3751,K_19,P_1
F_3752,K_19,P_2
F_3753,K_19,P_3
F_3754,K_19,P_4
F_3755,K_19,P_5
F_3756,K_19,P_6
F_3757,K_19,P_7
F_3758,K_19,P_8
F_3759,K_19,P_9
F_3760,K_19,P_10
F_3761,K_19,P_11
F_3762,K_19,P_12
F_3763,K_19,P_13
F_3764,K_19,P_14
F_3765,K_19,K_1
F_3766,K_19,K_2
F_3767,K_19,K_3
F_3768,K_19,K_4
F_3769,K_19,K_5
F_3770,K_19,K_6
F_3771,K_19,K_7
F_3772,K_19,K_8
F_3773,K_19,K_9
F_3774,K_19,K_10
F_3775,K_19,K_11
F_3776,K_19,K_12
F_3777,K_19,K_13
F_3778,K_19,K_14
F_3779,K_19,K_15
F_3780,K_19,K_16
F_3781,K_19,K_17
F_3782,K_19,K_18
